ENCODED_MCT,주요고객층,M12_SME_RY_ME_MCT_RAT,M12_SME_BZN_ME_MCT_RAT,M12_MAL_1020_RAT,M12_MAL_30_RAT,M12_MAL_40_RAT,M12_MAL_50_RAT,M12_MAL_60_RAT,M12_FME_1020_RAT,M12_FME_30_RAT,M12_FME_40_RAT,M12_FME_50_RAT,M12_FME_60_RAT
003AC99735,M12_MAL_1020_RAT,13.51666667,8.266666667,16.58390417,16.08219167,11.54142917,10.51335,3.969045833,11.69942917,11.31364167,8.129404167,7.38665,2.785120833
00F54829E1,M12_FME_30_RAT,13.51666667,,9.803041667,13.64114583,8.644204167,5.977,2.665504167,14.34279167,19.82135417,12.58079583,8.698,3.830329167
00FDB35E9C,M12_FME_1020_RAT,13.51666667,,19.482025,13.704325,3.955654167,3.910916667,1.434541667,26.40130833,18.533175,5.352679167,5.28075,1.944625
01EDD97C21,M12_MAL_30_RAT,13.3,6.370833333,14.50031667,22.9746,14.1545875,10.6579625,5.474091667,6.85385,10.94206667,6.741245833,5.083704167,2.634241667
01FD0FCC3D,M12_FME_1020_RAT,17.35,8.107142857,7.771414286,6.907857143,1.543685714,1.489257143,0.76365,38.22144286,27.87785714,6.1706,6.1036,3.13635
0220D6AA93,M12_FME_1020_RAT,13.51666667,9.583333333,18.03455,12.18359167,4.26455,5.369691667,2.380354167,24.59878333,16.708075,5.839616667,7.367808333,3.2613125
029F2B4A59,M12_FME_30_RAT,16.97916667,,9.45795,16.27892917,6.641270833,3.546916667,0.650345833,16.28788333,28.2252375,11.5795625,6.223916667,1.1204875
02A32AE992,M12_FME_30_RAT,13.51666667,,13.24710833,13.20809583,4.285041667,4.929383333,2.635616667,21.286225,21.30857083,6.889958333,7.983116667,4.197716667
02EECADFE6,M12_FME_1020_RAT,17.31111111,8.677777778,19.1325,5.295,1.262475,2.0624625,0.8778,48.405,14.03,2.512525,5.1125375,1.2972
02FE4FD151,M12_FME_30_RAT,16.97916667,8.029166667,13.5913,19.61304583,7.5035125,3.2767875,1.013666667,16.55453333,24.0077875,9.225654167,3.9982125,1.2405
035ADB2AA8,M12_MAL_30_RAT,16.97916667,,20.71158947,22.85528421,6.225742105,5.797215789,1.276684211,16.26209474,16.68155789,5.074257895,3.950152632,1.154894737
036B3FD49B,M12_MAL_30_RAT,13.50416667,8.320833333,14.843025,23.08268333,11.99445,7.357966667,2.244179167,10.081975,15.66315,8.184716667,5.0212,1.5224875
03BE2D577F,M12_MAL_30_RAT,14.25,8.261111111,16.29078824,20.72088235,8.268352941,4.228076471,1.321641176,15.76215294,20.06147059,8.002235294,4.089570588,1.278358824
0487117D58,M12_FME_1020_RAT,13.51666667,10.09583333,18.71780833,2.21795,2.496258333,4.972833333,0.6642375,45.53635833,5.461216667,6.095408333,12.20216667,1.631595833
055A2785B9,M12_MAL_30_RAT,16.97916667,8.25,6.16555,21.13594583,13.361325,12.8310625,10.2354375,3.526116667,12.02655417,7.572008333,7.302270833,5.831229167
05EE42C739,M12_FME_30_RAT,13.51666667,8.029166667,10.78532917,17.1477375,6.596016667,2.686654167,1.109008333,17.38550417,27.5897625,10.59148333,4.3175125,1.790991667
06A87DAA45,M12_FME_60_RAT,5.6125,8.029166667,0,0,0,0,0,0,2.458333333,0,0,97.54166667
085F6E716F,M12_MAL_30_RAT,17.28823529,,12.31535294,20.65525882,11.74037647,8.040141176,7.781882353,8.355235294,14.25650588,7.053741176,4.830447059,4.982823529
08A8D396B4,M12_FME_30_RAT,17.2047619,8.342857143,12.48117143,16.66911905,6.016219048,3.88982381,1.305590476,18.48549524,24.64040476,8.807590476,5.757795238,1.937266667
08D893CAA8,M12_FME_30_RAT,16.97916667,,7.5765375,13.47385833,10.00197917,8.1907625,3.887079167,10.06512917,17.73030833,13.18552083,10.75090417,5.1295875
0961D33241,M12_FME_30_RAT,16.97916667,9.583333333,4.7352375,8.592395833,6.9432875,4.645208333,1.0121875,13.74809583,24.15760417,19.97337917,13.24229167,2.9628125
09A5C8DB83,M12_FME_30_RAT,16.97916667,8.029166667,11.45289167,18.79020417,7.951029167,7.509175,4.178295833,11.538775,18.86812917,8.0031375,7.528325,4.184204167
0AD9FBF8D6,M12_FME_30_RAT,16.97916667,8.529166667,3.002391667,12.64902083,9.520420833,3.055375,1.7944,7.039275,29.55097917,22.0879125,7.119625,4.1556
0AF7BD60A5,M12_MAL_50_RAT,13.51666667,8.266666667,7.470095833,10.972975,10.62707083,16.61438333,12.28705833,5.384070833,7.747858333,7.7062625,12.09395,9.083775
0C02E54954,M12_FME_30_RAT,13.51666667,,13.22841667,14.75578333,10.14257083,8.680079167,3.030545833,13.40908333,14.81921667,10.19909583,8.707420833,3.019454167
0C074FD60A,M12_FME_1020_RAT,17.35,8.135714286,20.18027143,18.49123571,1.160564286,1.893928571,0.670728571,30.39115714,21.78019286,1.560864286,3.134642857,0.7507
0C1B547B6E,M12_FME_30_RAT,16.97916667,8.320833333,14.00699167,15.34257083,7.491733333,6.433208333,3.631716667,15.81800833,17.3282625,8.449933333,7.350125,4.143283333
0C8BE8ECAD,M12_MAL_30_RAT,13.51666667,,14.57539583,19.30125833,12.79110833,6.320766667,1.8100125,12.0829375,15.87790833,10.554725,5.2084,1.4899875
0C9C887E27,M12_MAL_30_RAT,14.58333333,,15.333175,18.99136667,7.484141667,6.2855,3.122691667,15.041825,18.4503,6.665858333,5.506166667,3.118975
0CB94CB82A,M12_MAL_30_RAT,13.51666667,,20.026525,23.94369167,8.796420833,4.148354167,1.498533333,14.24430833,17.04380833,6.2619125,2.9558125,1.068133333
0CCC996EB3,M12_FME_30_RAT,14.8,,2.25784,12.01854,11.48276,5.36764,2.91264,4.38216,23.26146,22.21724,10.39236,5.64736
0DE3499749,M12_FME_30_RAT,13.51666667,8.25,5.729258333,14.43580417,8.391816667,7.106366667,3.223545833,8.987408333,22.70169583,13.17485,11.15613333,5.101454167
0E47B24887,M12_FME_30_RAT,16.97916667,8.529166667,5.669295833,12.0466,8.053233333,4.5316125,2.091216667,11.8015375,25.16173333,16.75093333,9.560054167,4.333783333
0E614A7B1A,M12_FME_30_RAT,16.97916667,,10.8763125,19.4640375,8.855979167,6.7287125,3.369491667,11.06535417,20.01929583,9.256520833,6.929620833,3.405508333
0E7F1F5130,M12_FME_1020_RAT,16.97916667,10.09583333,22.2385125,4.238245833,1.097233333,2.770375,0.487316667,49.86565417,9.5325875,2.4611,6.217125,1.100183333
0EE4BD7D7A,M12_FME_30_RAT,16.44166667,,9.348808333,11.0418625,7.362,3.8782,2.375379167,18.58869167,21.47480417,14.12133333,7.530133333,4.257954167
0F646F50F7,M12_FME_30_RAT,13.51666667,8.029166667,11.284825,15.21354167,7.5009375,4.388425,1.6557,16.877675,22.75729167,11.24489583,6.582408333,2.498466667
0FA542A8DB,M12_MAL_60_RAT,13.51666667,6.370833333,0,1.024141667,16.30415833,18.25469167,37.66556667,0,0.230025,6.312508333,6.820308333,13.38026667
0FAD4CAABE,M12_FME_1020_RAT,17.2875,,15.97688571,16.88302857,3.966942857,1.241828571,0,26.79454286,26.41697143,6.904485714,1.843885714,0
1.71E+17,M12_MAL_1020_RAT,16.97916667,,25.85660417,11.23041667,5.898070833,5.146508333,2.816291667,24.94339583,10.78208333,5.676929167,4.945158333,2.692041667
10BF2110CC,M12_MAL_30_RAT,17.24,8.08,22.24974,32.29102,10.3273,4.67976,1.31194,9.31026,13.14898,4.1927,1.94024,0.54806
10D9319CCB,M12_MAL_50_RAT,17.16363636,9.272727273,0,23.08,12.83,58.58,5.5,0,0,0,0,0
11191365FD,M12_MAL_60_RAT,19.29583333,8.529166667,0,0,12.43487917,26.29225417,30.4949375,0,0,11.17762083,9.807745833,9.788395833
120283327E,M12_FME_40_RAT,13.51666667,9.6125,2.851008333,8.059716667,13.94465833,7.045908333,2.6808875,5.194825,14.95695,26.78034167,13.462425,5.0316125
12A28908F1,M12_FME_1020_RAT,14.58333333,9.316666667,13.52078182,12.52599091,5.109254545,3.990509091,2.780772727,22.14285455,20.50128182,8.372563636,6.509490909,4.5465
132078A4FE,M12_FME_1020_RAT,16.97916667,8.320833333,13.921525,12.6487625,3.620391667,2.261933333,0.526925,28.38680833,25.63040417,7.337941667,4.592233333,1.073075
133FADDC35,M12_SME_RY_ME_MCT_RAT,13.51666667,9.583333333,10.5331,10.17323333,8.98625,8.911245833,5.806379167,13.18773333,12.73093333,11.26791667,11.15125417,7.256120833
1389DE67CE,M12_FME_40_RAT,13.51666667,8.529166667,4.7932375,11.37514583,13.52275417,6.131008333,2.999629167,7.535929167,17.92485417,21.3064125,9.664825,4.737870833
13C3C13D99,M12_MAL_50_RAT,15.325,8.266666667,11.96465,12.90215,10.26542083,16.64155833,9.024295833,7.877016667,8.24785,6.7179125,10.74594167,5.617370833
13D9737A1D,M12_FME_1020_RAT,7.1875,9.583333333,13.3834625,7.4891125,4.957395833,3.4659875,0.88155,30.98737083,17.31922083,11.46760417,8.017345833,2.039283333
13F02B91F6,M12_FME_1020_RAT,16.97916667,10.09583333,21.16755417,9.282525,2.862504167,2.859933333,0.4940375,36.54494583,16.03414167,4.974995833,4.9234,0.8559625
158A1920D0,M12_FME_30_RAT,16.97916667,9.308333333,6.022341667,9.5288625,5.518575,1.791095833,1.259883333,19.03599167,30.00447083,17.25225833,5.588070833,3.99845
15B7F02740,M12_FME_30_RAT,16.90416667,8.25,10.5923125,15.43361667,9.0859375,8.8269375,2.014133333,12.4201875,18.16638333,10.7265625,10.36889583,2.390033333
15CFCB9040,M12_FME_1020_RAT,16.97916667,8.320833333,15.00995833,8.227366667,3.699154167,2.9828125,0.637820833,34.12754167,18.69346667,8.400845833,6.771354167,1.4455125
1676020CB1,M12_FME_1020_RAT,16.73333333,9.1,13.1944,7.5065,2.9435,1.4762,0.29135,38.9056,21.9935,8.5565,4.3238,0.85865
167F268F8E,M12_MAL_40_RAT,13.51666667,9.583333333,1.658008333,10.04027917,21.11903333,18.77664167,8.037420833,1.146158333,7.0513875,14.41846667,12.440025,5.337579167
16F5C2A5B3,M12_MAL_30_RAT,13.51666667,8.320833333,14.65739583,16.65474167,10.1024625,9.837766667,6.474733333,10.75927083,12.199425,7.414204167,7.2039,4.7211
16FA1843AE,M12_FME_1020_RAT,17.28823529,,16.01264118,6.127364706,1.405458824,1.872194118,0.275852941,46.53441765,17.55498824,4.035717647,5.398394118,0.759441176
17FCA23DD7,M12_FME_30_RAT,13.51666667,,4.467608333,9.708504167,7.611758333,7.2968,4.114129167,9.024058333,19.54982917,15.30490833,14.69903333,8.244204167
180F6A644D,M12_FME_1020_RAT,13.51666667,8.320833333,17.833875,14.07047083,5.858525,4.280220833,1.596629167,23.06195833,18.17119583,7.574808333,5.523945833,2.061704167
18139EA68D,M12_FME_30_RAT,14.25,8.027777778,11.88402222,15.24541111,8.836338889,4.955005556,2.677477778,15.39931111,19.73792222,11.47477222,6.367216667,3.416966667
18FC952F28,M12_MAL_1020_RAT,13.51666667,10.09583333,33.54713478,7.95753913,3.990904348,7.968243478,2.202673913,26.75721304,6.38593913,3.156921739,6.283930435,1.736456522
197C457DEF,M12_SME_RY_ME_MCT_RAT,16.97916667,8.320833333,6.342791667,8.061104167,6.908708333,12.09696667,14.16940417,6.978041667,8.884729167,7.628791667,13.3322,15.5972625
19FD619523,M12_FME_1020_RAT,13.51666667,,16.88063333,15.33947917,5.676508333,2.359245833,0.2027625,24.29436667,22.7646875,8.623491667,3.482420833,0.351404167
1AE0F9961C,M12_FME_30_RAT,13.51666667,,13.4568375,16.8735125,10.89972083,5.8350625,2.332616667,13.8056625,17.29732083,11.16277917,5.9649375,2.38405
1AF84D2DC1,M12_FME_30_RAT,17,9.228571429,8.169257143,14.86191429,6.0397,7.399557143,2.6354,12.94502857,23.10951429,9.4603,11.37187143,4.021742857
1BCD8AC994,M12_FME_30_RAT,15.1,9.2,7.9967,13.22756667,2.8378,6.547933333,3.056666667,15.5033,26.40576667,5.6622,12.5854,6.176666667
1C0AE3E10C,M12_FME_30_RAT,14.62,8.52,10.58425556,11.09563333,1.138211111,1.779466667,0.0590444444,32.84907778,33.38214444,3.561788889,5.342755556,0.207622222
1C69DD5AFC,M12_MAL_30_RAT,13.51666667,,19.53235833,20.72956667,9.655058333,6.119608333,2.146308333,14.100975,14.90793333,6.899108333,4.359558333,1.520358333
1CC86C2EB2,M12_FME_30_RAT,13.51666667,8.320833333,11.0503375,16.4543,6.0324375,2.463270833,0.636695833,19.3746625,28.31653333,10.35089583,4.265895833,1.075804167
1CCF1F16FD,M12_FME_30_RAT,14.35294118,,6.082052941,12.19878824,8.710847059,3.450805882,1.430458824,13.01206471,26.05415294,18.6068,7.378605882,3.046011765
1D9B20B1B9,M12_FME_30_RAT,13.51666667,8.25,7.472425,12.05022083,9.8423,7.401933333,6.640916667,9.781741667,15.73727917,12.82436667,9.639733333,8.617416667
1DBC834628,M12_FME_30_RAT,15.1,9.15,15.36193333,21.6828,7.133333333,3.7574,0.7816,16.1714,22.78386667,7.533333333,3.9426,0.8184
1DDB44FF35,M12_FME_30_RAT,16.97916667,,14.4365,20.15814167,7.299920833,3.360270833,1.747225,16.28433333,22.72935833,8.229245833,3.7855625,1.973608333
1E8F8916F6,M12_FME_30_RAT,17.31111111,8.022222222,10.8033875,12.679675,5.653525,2.356225,0.9454125,22.5966125,26.245325,11.796475,4.931275,1.9920875
1F4203EA83,M12_FME_30_RAT,13.51666667,,6.3403125,11.7573875,8.433708333,4.994820833,4.462941667,12.00135417,20.89677917,14.40795833,8.767679167,7.953725
1FAF18BB8F,M12_FME_1020_RAT,14.35294118,,14.23371176,14.15006471,6.178958824,4.415752941,1.165870588,22.46628824,20.52640588,8.556335294,6.678364706,1.622364706
20CD5C4AB7,M12_MAL_30_RAT,13.51666667,,20.42305,25.32733333,12.454,9.3535125,3.745879167,8.343616667,10.2435,4.929333333,3.692320833,1.474954167
21348D6015,M12_FME_30_RAT,16.97916667,,3.6798625,13.17475,13.07712083,8.425020833,2.894116667,5.253470833,18.77941667,18.63537917,11.97914583,4.114216667
21373CB273,M12_MAL_30_RAT,13.51666667,8.029166667,10.3068625,21.53592083,18.122475,12.845475,5.056104167,4.897304167,10.2099125,8.552525,6.075358333,2.4105625
2143174547,M12_MAL_30_RAT,16.97916667,8.266666667,11.5264375,22.95150833,11.02913333,8.898645833,5.3736375,8.144395833,14.81515833,7.487533333,6.463854167,3.318029167
21A130787D,M12_MAL_1020_RAT,17.24,9.22,18.12546,14.7534,6.7172,6.53572,4.69828,17.53454,14.2866,6.5028,6.32428,4.54172
21B52E1F0F,M12_FME_30_RAT,16.97916667,,14.35545,14.60205833,3.286670833,1.717695833,0.549495833,27.11955,27.793775,6.254995833,3.2656375,1.050504167
225DC4C12C,M12_FME_30_RAT,13.51666667,8.320833333,15.78627917,18.68412917,9.4021875,3.5621625,1.644520833,16.33455417,19.3575375,9.856145833,3.633670833,1.7388125
2445E4D19D,M12_FME_30_RAT,16.97916667,8.320833333,17.22175833,17.92925833,3.98835,2.248966667,0.909829167,23.46990833,24.46240833,5.44915,3.071866667,1.2443375
2485494277,M12_FME_30_RAT,13.51666667,8.529166667,7.428241667,18.57219167,11.62625,4.3598625,2.0536625,9.092591667,23.97780833,14.62375,5.681804167,2.588004167
24F5384BB4,M12_FME_1020_RAT,13.8952381,8.342857143,15.65311429,5.288138095,0.566457143,1.38692381,0.260366667,52.48974286,16.78805238,2.043066667,4.6226,0.911061905
255821302B,M12_FME_1020_RAT,13.51666667,9.583333333,15.2650375,10.47759167,6.266770833,5.723525,2.960491667,22.24329583,15.264075,9.1415625,8.347308333,4.314508333
25B32948C5,M12_FME_1020_RAT,16.95,9.066666667,13.48532,9.8721,3.7632,3.18056,0.72468,30.05468,21.8679,8.3568,7.09944,1.61532
268A868E38,M12_FME_1020_RAT,13.51666667,8.029166667,10.11889583,10.1580125,5.974933333,4.164104167,1.996958333,21.0644375,20.91282083,12.6584,8.7275625,4.223875
26ACE594E8,M12_FME_1020_RAT,16.97916667,10.09583333,19.5220125,10.10427083,4.682470833,4.302183333,0.583241667,30.24465417,15.69572917,7.271695833,6.685316667,0.904258333
2716FFD10A,M12_FME_30_RAT,16.97916667,8.029166667,12.43804167,13.99271667,7.837,5.988520833,2.9832875,17.13695833,18.39895,9.992166667,7.690645833,3.533379167
274F7C9F52,M12_FME_30_RAT,16.97916667,8.029166667,16.99782917,20.07336667,5.473420833,2.670675,1.0161,19.63550417,23.37246667,6.455745833,3.087658333,1.204733333
28DC0855AC,M12_FME_60_RAT,16.97916667,8.029166667,0.708675,3.515395833,6.111733333,14.84345,18.8539625,0.691325,4.6179375,7.238266667,17.83988333,25.60437083
2AF934A41E,M12_FME_1020_RAT,13.51666667,8.029166667,15.08036667,8.966975,1.877866667,1.991333333,0.405808333,38.1738,22.71219167,4.755466667,5.021166667,1.019191667
2BE371C2DE,M12_FME_30_RAT,16.825,8.1,5.7696,10.69815,5.5903,4.35365,5.8133,12.7054,22.30185,11.8347,9.04635,11.8867
2BF66155BC,M12_FME_1020_RAT,16.97916667,8.320833333,13.17165833,9.408704167,5.346775,5.040016667,2.951170833,23.499175,16.8079625,9.532391667,8.98915,5.2571625
2C2BF9EB44,M12_FME_30_RAT,15.4,9.266666667,12.55216667,15.33543333,9.358933333,5.788733333,2.132166667,15.34783333,18.56456667,11.2744,7.111266667,2.5345
2C72D19DB4,M12_MAL_30_RAT,13.51666667,8.529166667,10.03356667,14.87786667,13.74079583,11.24390417,5.158845833,8.224766667,12.14713333,11.23420417,9.164429167,4.191154167
2C8DAA2BF9,M12_FME_30_RAT,17.01666667,8.320833333,8.0505375,12.60945,5.6892625,2.569420833,0.528775,19.4994625,30.23638333,13.5232375,6.047245833,1.237891667
2CF63CC8AA,M12_FME_1020_RAT,16.97916667,8.029166667,16.81794167,7.982129167,1.726979167,2.189666667,0.428379167,40.60289167,19.5845375,4.256354167,5.327,1.067454167
2E4CDEA048,M12_FME_30_RAT,17.22142857,8.107142857,7.511761538,9.025723077,1.639392308,1.899261538,0.949769231,28.56516154,33.80504615,6.0683,6.816123077,3.696384615
2E5E8F46A2,M12_SME_RY_ME_MCT_RAT,16.97916667,9.583333333,7.889466667,11.95610417,7.1589,13.90105,5.915204167,8.8647,13.4480625,8.086933333,16.02811667,6.7514625
2E8B2318F2,M12_FME_30_RAT,16.97916667,8.320833333,11.6018375,19.7893375,8.277920833,3.4743,1.064129167,14.60232917,24.9731625,10.4554125,4.4007,1.3400375
2EAE67C0B4,M12_MAL_30_RAT,14.51428571,6.707142857,14.97229286,20.16935,8.8768,5.256071429,1.779657143,14.31342143,19.51636429,8.158914286,4.965357143,1.984628571
2F190FBDCA,M12_FME_30_RAT,12.91666667,,8.098652941,10.97397059,5.087141176,4.140617647,1.137005882,19.67193529,26.36720588,11.83638824,9.912323529,2.780641176
2F2BBD5117,M12_MAL_30_RAT,15.325,,13.60504167,26.19192083,14.9909625,9.334025,2.125170833,6.999125,13.28724583,7.675704167,4.674308333,1.099829167
2FB475D73E,M12_FME_30_RAT,13.51666667,,8.858683333,18.56010417,8.5131125,4.3435,2.4102375,11.86215,24.94822917,11.42855417,5.827333333,3.243929167
2FF80BC960,M12_FME_1020_RAT,8.2375,8.029166667,12.8161625,6.4432625,1.726616667,1.510695833,0.381595833,43.30050417,21.65257083,5.810883333,5.076804167,1.2767375
30262EF19E,M12_FME_1020_RAT,17.25,8.1,13.14278333,6.9177,1.723766667,1.58055,0.448016667,42.57388333,21.64896667,5.409566667,4.902783333,1.635316667
304DF7C3D2,M12_FME_30_RAT,17.32666667,9.5,9.111014286,9.158442857,4.493828571,4.565785714,1.755471429,22.26755714,22.32012857,10.94902857,11.13421429,4.265957143
30623F3257,M12_MAL_40_RAT,13.51666667,,6.159533333,14.46535833,19.219225,12.30746667,8.492404167,4.152966667,9.213808333,12.668275,8.030033333,5.2867625
309BDE407B,M12_FME_30_RAT,16.28,,6.00468,16.07732,7.32832,7.4146,2.79868,9.17532,24.50268,11.13168,11.2654,4.26132
3115CB8448,M12_FME_1020_RAT,13.51666667,8.029166667,14.0276375,10.11197083,3.039179167,2.546145833,0.706125,32.03069583,23.20469583,6.9024875,5.8371875,1.614708333
312F1E6B7B,M12_FME_30_RAT,16.97916667,8.029166667,6.6935875,8.143670833,4.677541667,2.649066667,1.272379167,21.7939125,26.38549583,15.19329167,8.950933333,4.235954167
32514851CD,M12_FME_30_RAT,13.51666667,8.25,6.652325,8.572420833,5.78225,8.3104,5.3951875,12.485175,16.11924583,10.89691667,15.6021,10.18397917
335B38273C,M12_FME_1020_RAT,16.97916667,8.320833333,14.75569167,7.113775,2.181208333,1.996566667,0.338858333,41.34430833,19.82789167,5.968791667,5.528433333,0.940308333
33706FFD69,M12_FME_40_RAT,13.51666667,9.6125,5.702133333,10.1561875,10.98688333,8.629058333,3.691575,8.8437,15.7688125,17.06728333,13.42094167,5.741758333
33C513E513,M12_FME_30_RAT,17.27222222,,14.69252222,14.74672778,3.815122222,1.969927778,0.628483333,26.31858889,26.33105,6.812655556,3.524516667,1.121516667
3456938AFA,M12_FME_30_RAT,13.51666667,,8.432920833,12.4517125,9.10275,8.066675,1.740054167,12.75457917,18.80245417,13.69308333,12.28749167,2.6641125
34ADC7D5B3,M12_MAL_60_RAT,14.75714286,6.707142857,3.600378571,10.75294286,9.614757143,29.05407143,34.49575,0.513907143,1.5542,1.356671429,4.131642857,4.95425
352569F469,M12_MAL_30_RAT,15.0625,9.2375,12.6359,15.5466625,7.15985,8.427675,8.2625,11.6391,14.1158375,6.66515,7.859825,7.7
3593B2D487,M12_FME_30_RAT,16.97916667,8.029166667,12.31477083,16.96121667,6.937820833,4.9356875,1.756154167,19.6810625,21.17628333,8.337179167,5.843479167,2.068845833
365914E11C,M12_MAL_30_RAT,11.87777778,,14.86234444,29.20073333,13.59723333,10.74544444,2.2863,6.159877778,12.09926667,5.6361,4.454555556,0.947033333
36E3A686C1,M12_FME_60_RAT,13.51666667,8.529166667,0,0,0,0,0,0,0,0,32.60869565,67.39130435
36FA50BD7D,M12_FME_1020_RAT,17.34166667,8.283333333,14.00215833,11.55965,3.064108333,2.310091667,2.313533333,29.12284167,22.69868333,6.452558333,4.614908333,3.903133333
378C662D8E,M12_FME_1020_RAT,17.27222222,8.261111111,12.46352222,5.019527778,2.396783333,2.240227778,0.634488889,42.04203333,17.14713889,8.192105556,7.626438889,2.232177778
37AA28CAF8,M12_FME_1020_RAT,16.97916667,8.320833333,16.1378,8.588995833,2.083470833,2.019104167,0.512845833,38.89136667,20.67767083,5.0123625,4.855895833,1.237154167
37C22962DB,M12_MAL_30_RAT,14.12631579,8.036842105,16.23084737,21.83732105,10.11543158,6.053505263,2.152205263,12.60599474,16.85215263,7.805621053,4.672810526,1.663584211
383481B7AC,M12_FME_1020_RAT,16.97916667,8.320833333,15.43325,10.488,3.4837625,2.8802,0.710658333,31.38341667,21.28283333,7.0662375,5.848966667,1.435175
384FAF740C,M12_FME_30_RAT,16.88,,6.24106,15.08226,9.93026,8.57862,4.70694,7.01894,19.03774,12.56974,11.08138,5.79306
387BDBCD80,M12_FME_1020_RAT,16.97916667,8.029166667,8.0125125,4.581575,1.7754875,1.583316667,0.4256125,42.15832083,22.37259167,9.228679167,7.675016667,2.1868875
391836F1E0,M12_FME_1020_RAT,14.35294118,,15.175225,11.45666875,2.88736875,3.14229375,1.46640625,30.162275,21.66208125,5.46263125,6.00145625,2.57734375
3AE3E04CCF,M12_FME_1020_RAT,18.42916667,10.09583333,31.62613333,6.004004167,3.2323875,2.7456375,0.4210875,40.1822,7.645995833,4.1176125,3.487695833,0.537245833
3AE8B97E90,M12_FME_1020_RAT,16.97916667,8.029166667,16.0877,10.01137917,2.526275,2.219654167,0.634629167,35.02896667,21.77195417,5.494558333,4.8220125,1.377870833
3AF3906E1E,M12_FME_30_RAT,17.14545455,,7.009652381,14.63821905,8.789814286,9.985019048,4.067971429,8.866538095,18.48559048,11.02447143,12.2578381,4.855838095
3CBD6CE416,M12_FME_1020_RAT,17.32727273,,15.5112,9.50894,2.22793,4.12447,2.03986,31.0288,18.80106,4.46207,8.28553,4.02014
3D65A21626,M12_MAL_30_RAT,14.58333333,,7.525909091,17.19419091,15.31360909,7.432663636,4.128445455,7.074090909,16.10580909,14.35911818,6.958245455,3.880645455
3DB47F6D25,M12_MAL_60_RAT,13.51666667,9.583333333,4.7525875,0.158316667,3.198433333,5.009525,51.89897917,2.4599125,0.0875166667,1.2849,2.557141667,28.59685417
3DDD63B1FA,M12_FME_1020_RAT,19.3375,,16.25194167,10.3108375,3.06595,3.031979167,0.894933333,31.94805833,20.5891625,6.14655,5.993020833,1.784233333
3DE5786D97,M12_FME_30_RAT,14.25,,14.68196667,16.34976667,7.031311111,4.135766667,1.42435,18.96803333,21.08912222,9.1298,5.347566667,1.831205556
3F9407A8C2,M12_FME_50_RAT,13.51666667,,3.147041667,10.00852083,10.94449167,11.04056667,9.494120833,3.911291667,12.34564583,13.622175,13.71776667,11.77254583
3FE023E09E,M12_FME_30_RAT,19.475,,9.222186667,20.48191333,9.302706667,6.636826667,2.793826667,9.62448,22.29142,9.44396,7.376506667,2.846173333
3FEEF8EC29,M12_FME_1020_RAT,16.55,,11.196,9.952,6.842,2.488,0.622,24.804,22.048,15.158,5.512,1.378
4018B532A8,M12_MAL_1020_RAT,13.51666667,8.320833333,18.40605417,17.53557083,8.005720833,6.463595833,2.373441667,16.4356125,15.70192917,7.181779167,5.765570833,2.130725
40876D8589,M12_MAL_30_RAT,16.97916667,,13.75307,24.052255,12.49133,7.41923,2.0655,9.20193,16.217745,8.38367,4.99077,1.4095
41A48AF8FE,M12_FME_30_RAT,15.1,9.2,12.19965,12.530775,6.234675,4.449925,3.684975,19.00035,19.544225,9.740325,6.825075,5.790025
41B1FC479A,M12_FME_30_RAT,16.97916667,,6.2676125,12.97435833,9.067291667,2.662566667,1.4805625,13.29905417,27.58814167,17.949375,6.0416,2.677770833
41FCF57F43,M12_SME_RY_ME_MCT_RAT,14.5,6.66,5.524886667,14.39382,12.12586667,13.59736667,12.18043333,4.228446667,10.75951333,8.627466667,10.08263333,8.4729
424ABA9D67,M12_MAL_30_RAT,16.97916667,8.029166667,13.78966667,22.0598625,8.671845833,5.470633333,1.962058333,12.61866667,20.4776375,8.019820833,5.1002,1.829608333
4261C5A667,M12_MAL_30_RAT,16.97916667,,6.389041667,20.21395417,14.4335375,13.4101625,10.04640833,3.494291667,11.10687917,7.9164625,7.431504167,5.553591667
428FFBD76A,M12_MAL_30_RAT,13.51666667,,10.16803913,19.1168,13.74392174,12.5713913,2.70963913,7.258047826,13.66146087,9.829991304,8.989478261,1.938186957
434671439E,M12_FME_1020_RAT,16.97916667,8.320833333,16.62260417,3.810041667,0.973570833,1.577,0.208033333,54.99822917,12.58579167,3.263929167,5.2605,0.7003
43B89D891C,M12_FME_30_RAT,17.32666667,8.046666667,9.06966,19.61041333,7.174033333,3.897153333,0.584333333,13.59034,28.80292,10.6593,5.769513333,0.835666667
43B9C1697C,M12_MAL_1020_RAT,13.51666667,10.09583333,40.76790417,8.1561375,3.594166667,6.438354167,1.154575,27.00292917,5.4688625,2.380833333,4.2783125,0.762091667
44A9291640,M12_MAL_30_RAT,16.97916667,8.320833333,16.1895375,22.38955417,7.963291667,3.973704167,2.258458333,14.48962917,19.99794583,7.128375,3.5554625,2.029041667
45F19425EF,M12_SME_RY_ME_MCT_RAT,13.51666667,8.320833333,10.404925,12.95440833,13.18084583,9.9352125,11.5148625,7.524241667,9.353925,9.585820833,7.1897875,8.339304167
45FEE5DBC4,M12_FME_30_RAT,13.51666667,9.308333333,4.717741667,11.41290833,8.958725,3.617695833,2.039170833,10.611425,25.69125833,20.166275,8.148970833,4.623329167
46401389CA,M12_FME_30_RAT,17.24,9.14,13.22358,15.38218,7.00632,3.27888,0.74318,20.19642,23.37782,10.75368,4.96112,1.05682
46F56D0D63,M12_MAL_30_RAT,13.51666667,9.583333333,13.8282,16.958175,11.83722917,9.295591667,3.488054167,11.30513333,13.61265833,9.512770833,7.400241667,2.7536125
474B033710,M12_MAL_1020_RAT,13.51666667,8.029166667,15.61278333,15.25625,8.259183333,7.942508333,3.720995833,15.14138333,14.78125,7.994983333,7.686658333,3.604004167
475ED601EB,M12_MAL_30_RAT,13.51666667,,11.0274625,23.18689167,20.27554583,18.37151667,7.937716667,2.6225375,5.508941667,4.8202875,4.365983333,1.887283333
48C1483437,M12_FME_50_RAT,16.97916667,,0,0,0,0,0,0,0,0,100,0
48D0F061EB,M12_MAL_30_RAT,13.51666667,,9.618120833,17.53060417,13.22585833,13.1254625,2.431475,7.5902125,13.81522917,10.41580833,10.3370375,1.914358333
499F119A8A,M12_MAL_30_RAT,16.97916667,,20.27724583,23.3593125,11.8828,6.373625,3.29225,10.9060875,12.44902083,6.333866667,3.388875,1.73275
4A01501171,M12_MAL_30_RAT,14.6875,8.7875,20.93455714,21.18027143,12.37215714,8.389242857,1.918157143,11.33687143,11.56258571,6.699271429,4.582185714,1.038985714
4A3538DDC3,M12_SME_RY_ME_MCT_RAT,14.12631579,9.363157895,12.32534444,11.61913333,10.73731667,9.310266667,4.233444444,13.2691,12.51975556,11.51268333,9.984177778,4.483222222
4A42915A44,M12_MAL_30_RAT,13.8952381,8.042857143,15.53741429,22.41410952,10.6418,5.657295238,1.840133333,12.28639524,17.46684286,8.324866667,4.404609524,1.426533333
4AB5E20EE4,M12_FME_30_RAT,17.31,8,15.21738,16.47533,7.40494,5.2116,1.52564,18.13262,19.70467,8.59506,6.0384,1.70436
4AD953D850,M12_MAL_30_RAT,14.35294118,,10.853575,16.73248125,12.8336625,6.452125,3.2999875,10.808925,16.63001875,12.7225875,6.404125,3.2687625
4BA62EBC13,M12_FME_30_RAT,13.51666667,,3.957791667,9.7322375,8.885495833,5.902879167,5.9814625,7.683875,18.33442917,16.7978375,10.23462083,12.49770417
4BBF641656,M12_FME_30_RAT,17.45,8,15.25275,16.5407,7.6627,2.8232,1.37695,19.69725,21.3593,9.8373,3.5768,1.77305
4BF0C08F5F,M12_SME_RY_ME_MCT_RAT,13.51666667,8.529166667,11.12216667,11.7988125,7.0443,9.7006,7.511116667,12.46533333,13.2011875,7.889033333,10.8619,8.409716667
4C60EE6CA4,M12_FME_30_RAT,14.84166667,8.075,8.920218182,11.37127273,10.08231818,4.966845455,1.560663636,15.35250909,18.50145455,17.66313636,8.624063636,2.957518182
4C8487EFAE,M12_FME_1020_RAT,16.97916667,,13.61833333,2.933441667,0.7237,1.396583333,0.226120833,58.61083333,12.45405833,3.097133333,5.995083333,0.936379167
4CE9DA1D26,M12_FME_1020_RAT,14.65555556,9.255555556,15.7868125,14.8411375,6.8068125,5.9059375,3.6025625,17.8381875,16.7838625,7.7056875,6.6690625,4.0724375
4E5DEDBDDC,M12_FME_30_RAT,16.90416667,9.583333333,6.393004167,12.1922375,8.501629167,6.9133375,1.8566875,11.51949583,21.68692917,15.26087083,12.37832917,3.3183125
4EE6193540,M12_FME_1020_RAT,16.97916667,9.583333333,4.97,4.97,0,0,0,45.03,0.03,45,0,0
4F374EBA09,M12_FME_30_RAT,16.97916667,8.029166667,13.11510833,16.0393,7.257320833,3.905529167,1.78985,17.918225,22.03153333,10.0885125,5.331970833,2.539316667
4F4288168A,M12_MAL_30_RAT,13.51666667,8.320833333,17.5353,26.80764167,12.29460833,6.3689125,1.3193375,9.781366667,14.83819167,6.842891667,3.5185875,0.726495833
4F68679BB6,M12_MAL_1020_RAT,13.25416667,10.09583333,28.08503333,10.6207625,5.563333333,5.5490625,1.27245,26.83163333,10.09590417,5.386666667,5.3884375,1.235883333
4F91DC078E,M12_FME_30_RAT,16.97916667,8.029166667,15.9021375,21.952575,7.032220833,2.921370833,0.964516667,16.6353625,23.072425,7.4261125,3.0619625,1.035483333
502658D9C9,M12_MAL_40_RAT,13.51666667,8.529166667,5.424983333,11.46642083,17.81695833,10.04469583,5.241504167,5.687516667,11.67107917,17.641375,9.8636375,5.1626625
502C539374,M12_FME_60_RAT,13.51666667,,0.6980375,1.110366667,3.718766667,3.4251875,10.8129625,2.710295833,4.622966667,14.3229,15.34147917,43.25787083
50A2E31DF5,M12_FME_30_RAT,13.51666667,,6.844716667,16.34239583,9.864066667,9.437679167,4.4141125,7.738616667,18.48260417,11.2026,10.6789875,4.981720833
50A34DE644,M12_MAL_30_RAT,13.51666667,8.029166667,17.8421125,24.25714167,11.13765,6.501520833,1.658183333,11.26205417,15.234525,6.983183333,4.065145833,1.045983333
50BB2EA330,M12_MAL_1020_RAT,13.51666667,10.09583333,27.68280417,12.14110833,5.9271125,5.198616667,1.5231375,25.05052917,11.004725,5.3728875,4.713883333,1.381029167
50FC72558D,M12_MAL_30_RAT,13.51666667,,10.86511667,15.72004583,11.88225417,8.000295833,7.021108333,9.418216667,13.68412083,10.31357917,6.987204167,6.103891667
5113D031FD,M12_FME_30_RAT,13.21666667,,11.0394375,17.13978333,9.8535375,4.300054167,1.058620833,14.52722917,22.23938333,12.84229583,5.637445833,1.341379167
51469424CB,M12_FME_1020_RAT,7.1875,,12.46174167,9.869433333,6.302341667,4.077091667,1.418579167,23.97575833,19.0889,12.189325,7.885408333,2.743920833
535999101E,M12_FME_1020_RAT,14.58333333,11.18333333,23.315675,8.044008333,3.646633333,3.686266667,0.619416667,35.82599167,12.689325,5.695033333,5.572066667,0.913916667
53A8784B97,M12_FME_1020_RAT,14.92,11.7,28.18098,5.87426,2.13658,3.31512,0.7451,41.89902,8.64574,3.16342,4.92488,1.0949
5595AE45A8,M12_MAL_30_RAT,17.245,,18.16755263,26.71224211,7.692089474,3.420736842,0.992336842,13.65876316,20.36144211,5.744752632,2.500315789,0.739242105
5653B531F7,M12_MAL_30_RAT,15.325,8.320833333,14.55060417,22.33712917,9.9490125,6.5669125,1.565066667,11.8035625,18.3670375,8.146820833,5.412254167,1.305766667
56AB36BDAF,M12_FME_1020_RAT,14.35294118,8.235294118,18.32759412,10.47862941,3.952464706,2.838052941,0.634935294,32.29005294,18.42725294,6.953417647,4.991358824,1.112123529
56CCDF6E4B,M12_MAL_30_RAT,13.51666667,,12.1915625,20.25984583,11.39932083,8.590379167,2.45255,10.0209375,16.60682083,9.388179167,7.0637875,2.02245
572B665575,M12_FME_30_RAT,13.51666667,,8.400970833,12.07998333,11.19529167,7.404325,4.085291667,11.06152917,15.89918333,14.733875,9.737341667,5.381375
57DEE6D415,M12_FME_30_RAT,13.51666667,8.320833333,8.988325,21.30160833,3.028325,3.1853,0.45205,15.32000833,36.52339167,5.213341667,5.281366667,0.764616667
58B1DEEE5D,M12_FME_1020_RAT,14.02,8.08,17.720675,15.021295,7.164855,8.458085,1.76693,17.839325,14.868705,7.235145,8.246915,1.68307
58C2DD4547,M12_SME_RY_ME_MCT_RAT,16.97916667,8.25,9.978283333,12.833175,7.9477375,9.849679167,6.913358333,11.00505,14.18349167,8.773095833,10.8919875,7.653308333
58D324F8BD,M12_FME_30_RAT,16.97916667,8.029166667,15.57073333,15.94614583,4.547229167,3.115466667,1.261225,22.8751,23.49135417,6.727770833,4.592866667,1.880441667
591CBB3B43,M12_FME_50_RAT,13.51666667,8.320833333,4.3014125,9.8760625,7.9573375,10.07053333,7.541641667,6.569420833,14.62810417,12.21349583,15.47946667,11.375025
5974B075AD,M12_SME_RY_ME_MCT_RAT,13.51666667,,7.2226125,10.00395417,10.946575,9.837920833,7.828095833,8.510720833,11.97104583,12.915925,11.50374583,9.263570833
598E46F283,M12_SME_RY_ME_MCT_RAT,16.97916667,,9.360566667,13.94280833,16.66860417,9.600783333,2.519058333,8.651933333,12.81135833,15.36472917,8.778383333,2.301775
5A0D48A713,M12_SME_RY_ME_MCT_RAT,13.51666667,,5.722758333,8.697325,9.756933333,9.041783333,9.933966667,7.560575,11.452675,12.8264,11.92488333,13.07853333
5A51AD1FF1,M12_MAL_30_RAT,13.51666667,9.583333333,15.04895833,17.20945417,10.76339167,8.402383333,3.5209,12.36354167,14.1822125,8.744941667,6.89345,2.8541
5A5B5CC478,M12_FME_1020_RAT,13.51666667,8.029166667,19.5121625,12.41429583,2.739670833,3.604929167,1.098091667,30.11700417,19.0440375,4.189495833,5.603404167,1.651908333
5AD0940FDD,M12_MAL_30_RAT,14.51428571,,12.17830714,15.44125714,9.90145,9.041057143,5.140978571,11.37883571,14.41588571,9.241407143,8.444657143,4.794735714
5B0E07A8BA,M12_MAL_30_RAT,14.4375,8.19375,9.7194,38.8194,0,9.7194,0,6.9806,27.8806,0,6.9806,0
5B110F468D,M12_MAL_1020_RAT,13.51666667,,17.75852083,16.52435,9.325908333,7.120454167,3.9687875,14.86647917,13.66315,7.682425,5.8712125,3.185379167
5B1F2A7BA9,M12_FME_1020_RAT,14.12631579,9.610526316,14.8242,13.51895556,10.50207222,7.321161111,3.375583333,15.09802222,13.77548889,10.70348333,7.428838889,3.446638889
5B5AE038F6,M12_FME_30_RAT,16.97916667,,3.261283333,10.8591625,8.697991667,2.978675,1.248591667,8.95955,29.27000417,23.38950833,7.979658333,3.355575
5BB5DF8D62,M12_FME_40_RAT,16.97916667,9.6125,4.102030435,11.5706,11.59396957,6.48363913,3.957656522,6.784926087,19.09461739,19.17124783,10.69896957,6.5293
5BC9440DAF,M12_FME_1020_RAT,16.97916667,8.029166667,13.14314286,8.211757143,2.140414286,2.34855,0.75495,33.04971429,27.74538571,5.081014286,5.694307143,1.852192857
5BE0890F4A,M12_FME_1020_RAT,13.51666667,8.320833333,15.75595,13.68140417,4.377458333,2.9350125,1.219754167,25.82738333,22.26442917,7.151708333,4.7024875,2.0594125
5BFB461F3A,M12_MAL_30_RAT,13.8952381,,20.31539524,25.35153333,11.02212381,5.320390476,1.858204762,11.4227,14.35322857,6.239780952,3.06532381,1.060842857
5D86802675,M12_FME_1020_RAT,16.97916667,,12.5898875,11.77050417,3.136091667,1.855041667,0.553108333,29.51844583,27.57949583,7.343075,4.349125,1.292725
5D9E5F8645,M12_FME_1020_RAT,13.51666667,10.09583333,19.62872083,9.0389375,4.831733333,5.721533333,1.80945,28.37127917,12.99022917,6.8641,8.157633333,2.57805
5DC3FB1D5F,M12_FME_30_RAT,13.51666667,8.25,10.11472917,16.07065,9.737404167,8.701908333,4.3649875,10.54777083,16.74185,10.1542625,9.035591667,4.526679167
5DEC65272B,M12_MAL_50_RAT,16.97916667,8.529166667,0,0.074475,8.835129167,78.58185833,12.06271667,0,0.000525,0.0523708333,0.330641667,0.0622833333
5E30D7653F,M12_FME_30_RAT,16.97916667,8.320833333,9.8334375,13.5639625,6.17975,2.757670833,1.084558333,19.7915625,26.99437083,12.20775,5.4506625,2.119608333
5E5092A910,M12_FME_1020_RAT,13.21666667,,13.815025,10.74297917,5.780304167,5.3126625,1.952366667,22.384975,18.96952083,9.232195833,8.595670833,3.205966667
5EB844551A,M12_FME_1020_RAT,13.51666667,9.583333333,17.97455,16.7917625,6.1383125,6.292058333,1.978333333,18.52128333,17.35407083,6.378354167,6.524608333,2.046666667
5F0B05E1D7,M12_FME_30_RAT,14.62,,14.79083,20.26164,5.98872,3.53565,1.11396,17.71917,24.06836,7.09128,4.13435,1.29604
5F2DDA0178,M12_FME_1020_RAT,13.51666667,8.320833333,12.54082917,6.249254167,1.8588125,1.664608333,0.3331375,42.85917083,21.2924125,6.387020833,5.697891667,1.137695833
5FA82D7B59,M12_FME_1020_RAT,7.1875,8.029166667,16.8244125,8.326725,3.65585,3.1504875,0.9022625,34.3005875,17.06494167,7.473316667,6.4495125,1.843570833
5FCE089938,M12_FME_40_RAT,13.51666667,,5.972616667,9.9658875,10.86475833,4.808741667,1.823279167,11.77738333,19.6841125,21.731075,9.699591667,3.6683875
6010892CCE,M12_FME_1020_RAT,19.8625,8.320833333,9.8380625,4.963366667,2.0637625,1.279908333,0.379170833,43.2619375,21.81163333,9.0862375,5.649258333,1.662495833
60334AB92C,M12_FME_1020_RAT,13.51666667,,18.97141667,9.398970833,5.294575,6.432375,2.025475,26.08691667,12.8968625,7.284591667,8.813458333,2.770358333
613B8B6375,M12_MAL_30_RAT,16.97916667,8.029166667,13.74460833,25.61850417,10.85241667,5.929204167,1.663820833,10.113725,18.46899583,7.947583333,4.445795833,1.223679167
61472439B5,M12_MAL_60_RAT,16.97916667,,10.47714667,29.46531333,6.395446667,3.363646667,38.72444667,1.44952,3.24802,2.27122,1.289686667,3.34222
61574AF3E1,M12_MAL_1020_RAT,13.51666667,8.266666667,26.66059583,24.84882083,8.412658333,8.230175,2.004308333,11.3227375,10.69284583,3.466508333,3.490658333,0.849858333
61A3133822,M12_FME_40_RAT,16.97916667,8.029166667,10.06341429,10.50085714,3.000657143,1.378266667,0.176319048,19.04610952,18.42771429,34.39934286,2.426495238,0.5713
623E90D289,M12_MAL_30_RAT,15.4,9.1,13.51386667,25.03753333,11.07303333,5.1764,1.667333333,10.41946667,19.2958,8.5603,3.990266667,1.266
627F539A91,M12_FME_30_RAT,16.73333333,,7.493033333,21.65483333,8.078833333,4.628233333,1.8018,13.87363333,24.84516667,8.821166667,5.538433333,3.331533333
62DCAD38F6,M12_FME_1020_RAT,16.97916667,8.320833333,17.64499583,14.54780417,3.230658333,2.134033333,1.129341667,27.85917083,23.12302917,5.127675,3.382633333,1.808158333
62EF38C706,M12_FME_1020_RAT,17.33846154,8.2,15.40473077,11.13468462,3.081807692,2.428607692,0.452553846,32.00296154,23.12685385,6.402807692,5.056007692,0.939753846
63064A8A5C,M12_MAL_1020_RAT,15.325,8.320833333,21.16112083,19.509425,8.90845,5.8407125,1.863570833,15.75554583,14.565575,6.662383333,4.342620833,1.390595833
63135A8618,M12_MAL_1020_RAT,18.95,10.09583333,31.77742917,9.0874375,6.460533333,13.28940417,5.988158333,16.51007083,4.4750625,3.2478,6.373095833,2.778508333
64477AD191,M12_SME_RY_ME_MCT_RAT,16.80454545,9.6,14.26132273,15.70255455,11.64411818,11.94989091,8.533727273,8.697768182,9.588354545,7.096790909,7.286472727,5.225363636
650886D9B9,M12_FME_30_RAT,14.6875,7.825,7.652314286,15.98192857,7.519671429,14.03558571,2.060057143,8.576257143,17.81807143,8.466042857,15.4787,2.397085714
652AA8E8C5,M12_FME_1020_RAT,16.97916667,8.320833333,11.99105417,3.974670833,1.278933333,1.552475,0.190266667,51.05477917,17.02949583,5.483566667,6.626691667,0.818066667
655851E372,M12_FME_1020_RAT,16.97916667,,17.12789167,11.41475,1.8768375,2.175704167,0.715545833,34.70960833,22.42691667,3.681495833,4.399295833,1.4427875
65D60A05BA,M12_FME_30_RAT,17.31,8.52,8.996511111,14.22676667,6.175055556,2.533677778,1.349422222,18.03682222,28.51767778,12.39161111,5.077433333,2.706133333
667F7D3E48,M12_FME_1020_RAT,19.87083333,,16.81387083,8.902266667,4.296595833,2.857575,0.757616667,33.2944625,17.51023333,8.445070833,5.663258333,1.467383333
674011F2F1,M12_FME_30_RAT,19.3375,8.25,4.5265625,10.8427,6.444325,5.655154167,3.604725,10.05260417,24.1073,14.243175,12.55317917,7.991108333
67551595FA,M12_FME_40_RAT,13.51666667,9.6125,10.0204125,10.80940417,12.86878333,10.18022083,4.61505,10.63375417,11.47392917,13.66455,10.81977917,4.90995
6779202960,M12_FME_1020_RAT,17.28823529,,14.32402941,12.14001176,2.034035294,3.314182353,2.539541176,27.45244118,23.07763529,4.224788235,5.997582353,4.907517647
67BEA11D33,M12_MAL_30_RAT,15.1,8.1,16.952075,19.562125,9.76855,6.108375,2.086075,14.147925,16.387875,8.15645,5.116625,1.763925
6810C7C7CE,M12_FME_40_RAT,13.51666667,,2.226520833,7.043520833,10.11258333,6.334116667,2.497033333,5.6693125,17.7023125,26.10408333,16.18255,6.132133333
6930EE8A71,M12_FME_1020_RAT,13.51666667,9.583333333,21.20792917,8.907904167,4.028791667,5.171791667,2.1928625,29.9087375,12.55459583,5.675375,7.282375,3.0821375
693A6576E9,M12_MAL_30_RAT,13.51666667,8.320833333,20.4576,23.54107917,10.30245833,6.503333333,2.790683333,11.73406667,13.4755875,5.901708333,3.725833333,1.59265
69756C0A85,M12_MAL_50_RAT,15.325,,7.785395833,16.91186667,9.555629167,21.96212083,2.533629167,5.293770833,11.67146667,7.2985375,15.32537917,1.666370833
6A584E1D14,M12_FME_30_RAT,12.98333333,8.529166667,6.184891667,8.892866667,6.682958333,7.779945833,2.364204167,13.60260833,18.9738,14.125375,16.38672083,4.994129167
6B31815A9D,M12_MAL_30_RAT,13.51666667,8.029166667,12.2769625,22.96309167,15.69058333,10.9928375,5.7291625,5.852204167,10.97024167,7.48025,5.273829167,2.762504167
6B61E9F331,M12_FME_1020_RAT,13.51666667,8.320833333,15.05720417,8.502475,3.104841667,2.4732,0.74205,35.4094625,19.90169167,7.270158333,5.7893,1.737116667
6B62F6001E,M12_FME_1020_RAT,16.97916667,10.09583333,15.63557083,6.861166667,2.213675,2.660966667,0.748766667,39.99359583,17.52633333,5.657158333,6.801533333,1.913733333
6B7B1EE6FA,M12_FME_30_RAT,16.97916667,8.320833333,13.19276667,16.8085625,7.728783333,4.516170833,2.362258333,16.0614,21.09560417,9.575383333,5.687995833,2.991908333
6B99F5A278,M12_FME_50_RAT,13.98636364,9.25,2.189168182,5.507363636,8.563845455,9.484304545,4.914368182,4.915377273,12.41081818,19.1907,21.57024091,11.26745
6C347DBCB1,M12_FME_1020_RAT,16.97916667,8.320833333,16.22604583,7.5782875,1.430391667,1.776329167,0.428795833,42.90312083,20.0467125,3.786275,4.698670833,1.133704167
6C3AFD20C1,M12_FME_30_RAT,14.54615385,7.8,9.343491667,14.100275,3.427375,3.421208333,1.3847,20.173175,30.399725,7.347625,7.378791667,3.056966667
6CB3606866,M12_FME_1020_RAT,13.51666667,10.09583333,23.24874583,7.79445,4.443141667,4.834166667,1.063583333,32.91792083,11.03888333,6.294358333,6.849166667,1.50725
6D331F1EE9,M12_FME_1020_RAT,13.51666667,10.09583333,12.4966875,10.37105,6.028879167,8.369583333,3.519408333,18.07414583,15.07478333,8.746120833,12.16375,5.130591667
6DF56DD3F4,M12_FME_30_RAT,13.51666667,,3.287966667,14.13505833,12.00675,5.00725,1.7885625,5.795366667,24.835775,21.13491667,8.826083333,3.1614375
6DFE8B7651,M12_FME_30_RAT,13.51666667,8.320833333,13.54913333,17.74486667,6.692508333,3.198870833,0.889983333,18.5467,24.4468,9.278325,4.4344625,1.23085
6F17AD6277,M12_FME_1020_RAT,16.97916667,10.09583333,26.90890417,6.208158333,3.774283333,6.065633333,1.2280875,33.94942917,7.875175,4.74655,7.684366667,1.563579167
6FB12F3636,M12_FME_1020_RAT,17.18181818,9.636363636,14.39320952,13.48891429,7.790371429,4.374380952,1.2035,20.66869524,19.60632381,11.05248571,5.782761905,1.667928571
6FE0E66A8A,M12_FME_1020_RAT,13.51666667,9.583333333,15.1229625,12.99150833,6.0340625,6.477966667,4.837608333,18.28537083,15.541825,7.2409375,7.767866667,5.704058333
7069AC584A,M12_FME_30_RAT,14.4375,9.39375,0.8803125,14.5999,12.50711875,3.29796875,2.506375,1.7321875,28.5626,24.46788125,6.47703125,4.981125
70F032FFD5,M12_FME_1020_RAT,13.51666667,9.416666667,8.635675,7.914025,3.3947875,2.723104167,0.812445833,27.589325,25.97764167,11.2052125,8.989395833,2.762554167
7162A93F6B,M12_FME_1020_RAT,13.51666667,10.09583333,30.605575,4.208825,3.720720833,5.496525,1.362295833,36.831925,5.057841667,4.479279167,6.595141667,1.637704167
71725E8FB3,M12_SME_RY_ME_MCT_RAT,17.31111111,9.255555556,7.040133333,9.799122222,6.269177778,7.524066667,7.481388889,11.42653333,15.90087778,10.17526667,12.20926667,12.15194444
71C48EDE85,M12_MAL_30_RAT,14.4375,,9.68635,27.8929375,16.52756875,11.24435625,2.040775,4.67615,13.4945625,7.97243125,5.44314375,1.009225
72AA2FB49E,M12_FME_30_RAT,13.51666667,,6.075754167,12.86862917,11.1878625,6.623658333,2.2691375,9.532579167,20.11887083,17.4621375,10.33050833,3.5308625
730914BE0E,M12_FME_30_RAT,13.51666667,,5.888116667,11.8946625,7.948991667,2.818733333,0.563729167,14.24521667,29.1053375,19.32184167,6.835433333,1.369604167
7439039EF1,M12_FME_1020_RAT,16.97916667,9.583333333,17.74478333,10.98928333,5.168283333,4.863933333,2.200975,25.53855,15.79405,7.45255,7.0319,3.186525
74E2CC9A6B,M12_SME_RY_ME_MCT_RAT,17.31111111,,6.4626,12.08798889,10.31506667,10.84661111,7.437766667,7.2374,13.54534444,11.57382222,12.1645,8.340011111
75296C3F60,M12_MAL_30_RAT,16.97916667,8.320833333,11.1916,22.28304583,13.77729583,10.53877083,3.514245833,7.000066667,14.0502875,8.689370833,6.6695625,2.273254167
756D7DCEEE,M12_FME_30_RAT,14.6875,7.825,7.312975,15.1329625,6.77145,8.9465375,1.7359375,10.974525,22.7920375,10.20355,13.5159625,2.6140625
75E1602760,M12_FME_30_RAT,17.3625,,3.3229,13.4083625,4.9518125,4.39394375,1.82610625,9.5646,32.9541375,9.8731875,14.01855625,5.69264375
770A25491E,M12_MAL_1020_RAT,14.35294118,8.235294118,18.48307647,17.39828235,9.6022,7.748723529,3.397858824,14.16398235,13.33112941,7.344858824,5.933629412,2.608023529
770CC873E4,M12_FME_1020_RAT,16.97916667,8.320833333,9.651208333,10.83960833,3.119833333,2.057875,0.970020833,31.37795833,25.72289167,7.9885,5.837958333,2.4508125
77B5670808,M12_FME_1020_RAT,16.97916667,10.09583333,22.09934583,3.142691667,5.5215125,6.675325,1.939945833,34.07565417,4.898975,8.4784875,10.212175,2.976720833
77DBEC55AD,M12_FME_30_RAT,16.97916667,8.029166667,17.00590417,21.92389167,4.420158333,2.810020833,1.140304167,18.83992917,24.442775,4.988175,3.131645833,1.272195833
7829A485F0,M12_FME_50_RAT,13.51666667,8.320833333,6.628154167,9.058541667,7.279616667,10.51719167,10.23236667,8.6635125,11.708125,9.507883333,13.59114167,12.80096667
794735AD42,M12_FME_1020_RAT,17.2875,8.7875,14.25225714,11.45142857,3.567328571,2.848228571,1.023485714,28.77631429,23.09142857,7.189814286,5.737485714,2.062228571
79892ACBB1,M12_MAL_1020_RAT,13.51666667,8.029166667,14.3808125,13.79015833,9.792116667,9.022025,4.014854167,13.80252083,13.25984167,9.407883333,8.673808333,3.8643125
79DB6DBBB4,M12_MAL_30_RAT,13.51666667,8.320833333,13.5922625,17.3427,13.65472917,10.95537917,4.377045833,9.0702375,11.52813333,9.078604167,7.365454167,3.022954167
79EBBF0E89,M12_MAL_40_RAT,16.97916667,,3.83285,15.11420417,23.355225,20.63472917,9.2913375,1.496316667,5.798295833,8.982275,8.036104167,3.475329167
79F7BABD3E,M12_MAL_50_RAT,13.51666667,8.25,7.428633333,10.90516667,14.53965417,17.75778333,11.8967875,4.458866667,6.540666667,8.718679167,10.64638333,7.132379167
7A29E2FB9F,M12_MAL_30_RAT,16.97916667,,15.99189583,21.73150833,8.787025,4.156170833,1.298116667,14.7164375,20.17265833,8.117141667,3.835495833,1.197716667
7AFF6C86CE,M12_FME_30_RAT,16.97916667,8.25,10.06544167,14.494525,4.928679167,3.715783333,1.404266667,19.29705833,27.07214167,9.4879875,6.913383333,2.608233333
7B038FEF47,M12_FME_1020_RAT,19.3375,8.029166667,19.08850833,10.14835833,2.103225,2.680533333,0.7365,35.86565833,19.01830833,3.925941667,5.0528,1.3885
7CD2C4CE8C,M12_FME_30_RAT,17.32727273,,3.14909,6.60166,3.54985,2.85987,1.79245,14.21091,30.21834,16.07015,13.08013,8.48755
7D48C168B3,M12_FME_1020_RAT,17.31111111,8.677777778,11.21017778,9.2586,2.865544444,2.416544444,0.838144444,31.20093333,25.4414,7.890011111,6.6279,2.250744444
7D812F3CC3,M12_FME_30_RAT,13.51666667,9.308333333,9.527091667,11.04574583,10.40114583,8.34905,4.733004167,12.10624167,14.02092083,13.2196875,10.60095,6.000329167
7E1DD52BF1,M12_FME_30_RAT,13.51666667,,7.1573375,16.63124583,8.357183333,3.8214875,2.172583333,11.79682917,26.87292083,13.68448333,6.0160125,3.494083333
7E63F9E0CF,M12_FME_1020_RAT,14.35294118,8.011764706,11.29818824,10.60207647,2.277494118,3.7282,1.217217647,27.3724,26.1391,5.516623529,8.901211765,2.965135294
7E78A7C976,M12_FME_30_RAT,13.51666667,,9.214395833,10.31885417,8.792533333,7.0070125,2.9995625,14.83977083,16.59364583,14.15746667,11.26382083,4.821270833
7F155740AA,M12_MAL_50_RAT,16.73333333,,0,0,34.53333333,52.36666667,13.1,0,0,0,0,0
7F5F0D0F33,M12_MAL_30_RAT,14.6875,8.025,14.8394,19.4520125,11.15835,6.9035,5.1723,10.9231,14.3979875,8.21665,5.109,3.8277
80012F987D,M12_FME_1020_RAT,13.51666667,10.09583333,26.09628333,2.851520833,0.827658333,2.7219625,0.40755,53.23705,5.823479167,1.714008333,5.482204167,0.84245
808E997108,M12_FME_30_RAT,14.8,,4.65136,9.56438,4.19514,1.91618,0.56558,16.54864,35.99562,17.32486,7.62382,1.67442
80920DEE31,M12_FME_1020_RAT,17.0625,8.7875,15.76148571,8.287257143,0.798271429,1.0707,0.2503,44.56708571,23.19845714,2.273157143,3.072157143,0.706842857
809BEAA13A,M12_FME_1020_RAT,13.51666667,8.320833333,15.5041625,14.26411667,5.625983333,4.684508333,2.140941667,21.2833375,19.50255,7.678183333,6.407158333,2.925725
80E637212D,M12_MAL_50_RAT,13.51666667,9.6125,1.462908333,7.088675,20.67814583,21.37184583,3.283170833,1.337091667,6.973825,17.1051875,17.89482083,2.8126625
8177FA0EF1,M12_MAL_30_RAT,13.51666667,8.029166667,16.00919583,16.8693375,9.744558333,8.687195833,5.8617125,11.99080417,12.60982917,7.509608333,6.491970833,4.221620833
81A9553F88,M12_FME_30_RAT,16.97916667,8.320833333,9.933120833,10.96273333,3.352254167,2.431708333,1.250958333,25.95854583,28.02893333,8.543579167,6.376625,3.153208333
81C425F47D,M12_FME_40_RAT,17.30625,,1.51551875,6.52163125,7.7800125,1.56925625,1.01325625,6.52198125,28.34086875,34.5574875,7.72449375,4.45549375
82090124F0,M12_MAL_30_RAT,13.51666667,8.029166667,15.18679167,20.37291667,12.77020833,8.453891667,2.632066667,10.37570833,13.93125,8.717291667,5.766941667,1.805433333
82D491E6AB,M12_FME_30_RAT,15.1,,3.281933333,12.34196667,10.63913333,3.221166667,1.559033333,7.384733333,27.55803333,23.56086667,7.012166667,3.4743
831DD29FAB,M12_FME_1020_RAT,13.51666667,10.09583333,21.10969167,4.6871,3.601333333,5.457233333,1.997516667,36.419475,7.9629,6.177833333,9.2386,3.35665
842D25724F,M12_FME_1020_RAT,13.51666667,9.583333333,11.81550833,10.7880375,7.436141667,6.496233333,2.618283333,18.30949167,16.7369625,11.55969167,10.12043333,4.098383333
8532D4C362,M12_FME_1020_RAT,17.07391304,,13.26298333,3.826616667,4.718188889,4.034788889,1.358155556,35.34812778,10.21227222,12.67625556,10.72076667,3.825177778
85C6B72386,M12_MAL_30_RAT,15.1,7.05,11.949475,15.442675,9.88305,10.24355,7.05625,9.950525,12.857325,8.21695,8.53145,5.86875
86129404BB,M12_MAL_1020_RAT,13.51666667,8.266666667,17.40015833,14.56401667,9.479541667,8.390808333,2.642675,15.81234167,13.17765,8.582958333,7.580025,2.382325
869C372EFC,M12_FME_60_RAT,16.97916667,8.25,2.52425,3.122158333,2.859695833,2.738466667,3.175425,14.75908333,17.986175,17.71947083,16.0282,19.10790833
88106077FD,M12_FME_30_RAT,17.25714286,,1.416885714,11.4807,10.8429,4.018057143,1.422257143,3.4974,28.10501429,26.17138571,9.739085714,3.292028571
895BBD5C5B,M12_FME_1020_RAT,17.245,,15.59798421,13.28751053,3.283489474,2.128642105,0.757784211,28.9757,24.56512105,6.037563158,3.997673684,1.363268421
89D3C820E9,M12_FME_30_RAT,16.97916667,8.320833333,10.08189583,13.83195417,7.189483333,4.921241667,1.191458333,17.1014375,23.28054583,12.07301667,8.353758333,1.983541667
89F36844AE,M12_SME_RY_ME_MCT_RAT,13.51666667,,6.283266667,11.9739125,11.655575,10.74945,9.808804167,6.137566667,11.7510875,11.419425,10.54221667,9.678695833
8A5378CE22,M12_FME_1020_RAT,16.97916667,10.09583333,19.57119583,6.3554,3.332345833,4.191729167,1.006008333,37.16630417,12.0821,6.342654167,8.0249375,1.935658333
8B0A9AC171,M12_MAL_60_RAT,14.92,7.8,3.91444,8.70244,6.40036,13.7764,17.47544,3.88556,8.59756,6.37964,13.6436,17.20456
8B23667254,M12_FME_1020_RAT,16.97916667,8.320833333,14.35906667,6.9659875,3.945029167,2.974229167,0.7583125,35.28676667,16.9840125,9.588304167,7.288270833,1.858354167
8BA83008CB,M12_FME_30_RAT,18.18333333,8.029166667,16.57526667,20.28215,5.915220833,3.269291667,1.112779167,19.32056667,21.99285,6.809779167,3.534875,1.187220833
8BA8BCCA0D,M12_FME_30_RAT,14.92,,7.53358,11.15502,8.90682,6.16464,3.99278,12.52642,18.38498,14.57318,10.15536,6.58722
8BFDD0339E,M12_MAL_40_RAT,14.51428571,7.942857143,9.185153846,15.25662308,15.48814615,8.371161538,5.024646154,8.037923077,13.34337692,13.55800769,7.321146154,4.390738462
8C96D7ED90,M12_FME_30_RAT,13.51666667,8.320833333,11.26178333,14.429625,6.742670833,3.959525,1.050091667,18.93405,24.082875,11.17399583,6.615475,1.754075
8CA0382A69,M12_MAL_30_RAT,14.92,,7.6487,20.26838,10.17512,5.20994,6.92834,7.4513,20.09162,10.18488,5.15006,6.91166
8D18C2E99F,M12_SME_RY_ME_MCT_RAT,14.71428571,9.228571429,6.488542857,8.319528571,7.474371429,7.912814286,6.085157143,11.38288571,14.59475714,13.11134286,13.91575714,10.70055714
8D7C69A199,M12_FME_1020_RAT,11,8.375,22.162575,13.635925,6.4818,3.42545,1.718175,24.587425,15.139075,7.1932,3.79955,1.906825
8DDCE4944D,M12_FME_1020_RAT,16.97916667,,16.44970833,10.01897917,1.817870833,2.3759625,0.761804167,35.97945833,21.80602083,3.973795833,5.165704167,1.675695833
8E3B9888E3,M12_MAL_1020_RAT,16.97916667,10.09583333,45.98312083,2.163641667,1.726804167,5.8636375,0.879666667,35.21687917,1.653025,1.3148625,4.519695833,0.678666667
9.97E+102,M12_FME_30_RAT,16.97916667,,16.21866667,19.95342917,5.780516667,3.1561375,1.911533333,18.16466667,22.4257375,6.594483333,3.598029167,2.205133333
9029249DA3,M12_FME_1020_RAT,16.88,9.14,11.41485,10.2919,2.5905,2.8524,1.05685,29.36015,26.1081,6.5595,7.1226,2.66815
9041A4EB80,M12_MAL_30_RAT,17.33333333,9.1,9.5867,19.46446667,11.67956667,8.261133333,7.641466667,7.3133,14.9022,8.920433333,6.338866667,5.891866667
9042A5401C,M12_MAL_30_RAT,13.21666667,6.370833333,11.65312174,22.21226087,9.00593913,7.74596087,2.976095652,9.907747826,19.39208696,7.785365217,6.723604348,2.563034783
90644ECF42,M12_FME_40_RAT,13.51666667,,2.330170833,9.197158333,11.73995833,8.037083333,3.256083333,4.4406625,17.323675,22.56420833,15.22958333,5.885583333
9218EE2A57,M12_FME_30_RAT,15.325,,10.35679583,12.1411875,7.5337,7.751533333,4.389895833,14.26820417,16.6588125,10.38713333,10.5693,5.939270833
929615BC0A,M12_FME_1020_RAT,14.65555556,8.677777778,16.65115556,13.66524444,6.137744444,6.301522222,2.760177778,19.97106667,16.31253333,7.317811111,7.565144444,3.328711111
943BBD5F30,M12_MAL_30_RAT,16.90416667,8.029166667,14.7127625,21.32535833,11.087175,4.919545833,1.5006625,12.4497375,18.907975,9.600325,4.105454167,1.395170833
94502BA9DC,M12_FME_1020_RAT,16.97916667,,14.41359583,5.677166667,1.547779167,1.970808333,0.441941667,45.09890417,17.98533333,5.1438875,6.312525,1.395558333
95C390B637,M12_FME_1020_RAT,17.34166667,11.18333333,18.25205833,6.902033333,1.89005,3.764491667,0.935391667,39.02294167,15.61463333,3.93495,7.777175,1.889608333
9643B485DF,M12_MAL_1020_RAT,13.51666667,10.09583333,34.23072917,8.773170833,2.7782875,4.659158333,1.181579167,32.09010417,8.1851625,2.6092125,4.370008333,1.101754167
966680A20F,M12_FME_1020_RAT,13.51666667,8.029166667,17.74321667,15.20607917,8.296108333,5.887833333,1.683683333,18.59428333,15.9355875,8.691391667,6.178833333,1.766316667
96728A7226,M12_FME_1020_RAT,13.65652174,8.034782609,12.36103913,5.299426087,0.6117,1.40126087,0.205965217,50.39113478,20.81796522,2.483952174,5.55526087,0.854904348
96CC46E113,M12_FME_1020_RAT,14.8,8.1,12.60572,8.0743,2.39852,1.6847,0.34192,37.63428,24.0657,7.16148,5.0353,1.01808
9911CB0D95,M12_MAL_30_RAT,16.97916667,5.770833333,12.6614875,24.63855417,12.23980417,8.78675,4.274029167,7.6635125,14.70727917,7.2393625,5.25075,2.546804167
995D6B6C92,M12_FME_1020_RAT,13.51666667,8.029166667,14.0977625,9.0684625,1.202216667,1.5155,0.499504167,39.3022375,25.3440375,3.360283333,4.238666667,1.387995833
9972114004,M12_FME_30_RAT,15.325,9.583333333,10.07424167,10.42102083,4.874504167,5.221291667,3.190808333,19.68409167,20.42064583,9.558829167,10.25370833,6.284191667
99973542B9,M12_FME_30_RAT,13.51666667,5.770833333,7.488145833,15.45611667,9.833229167,9.413245833,5.744379167,8.124354167,16.78971667,10.74177083,10.17842083,6.2347875
9A0EC55599,M12_MAL_1020_RAT,13.51666667,9.583333333,17.3614,15.16705833,7.970875,7.7405375,3.255941667,16.37193333,14.278775,7.508291667,7.2844625,3.060725
9A27CDDD2A,M12_MAL_30_RAT,16.97916667,,15.778125,25.45394583,7.403404167,3.937079167,1.352495833,13.51770833,21.7168875,6.3132625,3.371254167,1.1558375
9A9ADB69FB,M12_FME_30_RAT,13.8952381,9.647619048,8.736480952,13.68754286,7.164395238,5.48512381,3.30302381,14.09209048,22.26007619,11.04036667,9.110114286,5.120785714
9AB9BE98E4,M12_FME_1020_RAT,18,7.8,16.1582,9.2382,6.92,2.3182,0,30.5418,17.4618,13.08,4.3818,0
9AFEF6448B,M12_MAL_30_RAT,16.97916667,8.320833333,13.9390375,20.91582917,14.15023333,5.624429167,2.025604167,10.7109625,16.15500417,10.6956,4.208904167,1.574395833
9C3EC0EDDC,M12_FME_30_RAT,16.97916667,8.320833333,11.80465417,17.4873,3.8046,1.825529167,1.0108625,21.05784583,31.23353333,6.728733333,3.245304167,1.8141375
9DA9844737,M12_FME_30_RAT,17.45,9.05,8.91675,18.39085,7.2397,1.37195,1.3138,15.13325,30.85915,12.1103,2.42805,2.1862
9DBBC0BC17,M12_FME_40_RAT,16.97916667,8.529166667,3.427895833,11.11592083,18.0466875,4.060608333,3.375625,5.209604167,16.6924125,26.94914583,6.076891667,5.049375
9DE30019C9,M12_MAL_30_RAT,13.51666667,,17.33097083,25.62505,9.9965125,5.2169,1.372166667,11.8273625,17.42495,6.770154167,3.5331,0.923666667
9DE5AC9FFD,M12_MAL_1020_RAT,13.51666667,8.320833333,20.06699583,17.49385833,9.298983333,7.47875,3.648295833,14.54550417,12.66030833,6.755183333,5.40875,2.6350375
9E3E2C654F,M12_SME_RY_ME_MCT_RAT,18,9.4,12.6444,14.3406,8.995,9.6632,5.8082,11.9556,13.5594,8.505,9.1368,5.4918
9E719E496C,M12_FME_1020_RAT,16.97916667,,14.20873333,7.331041667,2.094433333,2.136429167,0.404679167,40.10376667,20.63145833,5.9014,6.0427375,1.145320833
9ED42062FD,M12_FME_1020_RAT,13.51666667,,18.57801667,13.13951667,5.1652125,4.549791667,1.4662625,24.74698333,17.48965,6.8847875,6.046041667,1.950404167
9F42371A46,M12_MAL_30_RAT,13.51666667,8.320833333,14.97557917,20.32071667,11.72612917,9.1266,5.381354167,9.4660875,12.67928333,7.323870833,5.665066667,3.331145833
9F7E6E0B21,M12_FME_30_RAT,17.2875,,10.4654125,15.8032875,10.9074625,5.4894625,1.074125,13.0345875,20.4592125,14.0300375,7.4855375,1.288375
9FBE5BF7CF,M12_MAL_30_RAT,15.25,,19.00982083,30.0201,15.35424583,6.048125,2.06015,7.256845833,11.3549,5.833254167,2.289375,0.785683333
A0A1FF8F0B,M12_FME_1020_RAT,13.51666667,8.029166667,11.76373333,4.484970833,1.150729167,1.385425,0.341895833,49.9696,18.50669583,4.986770833,5.997908333,1.399770833
A1886B3C8E,M12_MAL_30_RAT,13.51666667,8.266666667,13.07389167,19.5278375,8.392720833,8.574591667,1.4455875,12.68444167,18.76382917,8.023945833,8.179575,1.346079167
A2A41AAC50,M12_MAL_30_RAT,16.97916667,9.583333333,11.89185833,18.71581667,12.37609583,11.6867625,4.834108333,8.320641667,12.73001667,8.3322375,7.971570833,3.128391667
A2D9C941A9,M12_FME_30_RAT,13.51666667,,9.383245833,12.3884125,12.09990417,8.250125,4.467858333,10.8250875,14.2115875,13.8667625,9.424875,5.077975
A33442D657,M12_FME_1020_RAT,16.97916667,8.029166667,12.14982381,6.388252381,1.6302,2.032290476,0.318866667,42.0597,21.43079524,5.231704762,7.596280952,1.162085714
A412739857,M12_MAL_30_RAT,14.25,8.027777778,12.63822222,26.41941111,9.343111111,2.217722222,1.274094444,11.76177778,24.60836667,8.562444444,2.0045,1.164794444
A4A1BC46DF,M12_FME_1020_RAT,18,,13.7025,10.962,1.3545,4.095,1.3545,29.7975,23.838,2.9455,8.905,2.9455
A50A5265C1,M12_MAL_30_RAT,16.97916667,,9.371816667,19.08447083,12.41364167,8.5225,5.825583333,7.549016667,15.53219583,10.065525,6.885833333,4.736916667
A5DC44A844,M12_MAL_40_RAT,16.3,,2.3137,13.11700833,19.92837083,10.5012625,12.07052083,1.8238,8.174658333,15.84662917,8.1112375,8.133645833
A787679642,M12_FME_50_RAT,16.97916667,9.308333333,1.523071429,7.717628571,7.756828571,9.003207143,5.01305,3.3055,16.71808571,17.87174286,20.73250714,10.33695
A7BC78E695,M12_FME_1020_RAT,17.27222222,8.027777778,18.18852222,13.02678889,4.206205556,2.79475,0.539372222,28.7337,20.60098889,6.654905556,4.399694444,0.855072222
A89BEC57A0,M12_MAL_1020_RAT,16.97916667,10.09583333,31.54645,11.316725,5.3877625,5.880625,0.975970833,25.59521667,9.283275,4.408070833,4.806875,0.790695833
A8A809016A,M12_FME_1020_RAT,17.33333333,9.1,6.3485,2.0667,0.4936,0.6928,0.0984,61.7515,18.66663333,2.873066667,6.473866667,0.534933333
A92743CA52,M12_FME_1020_RAT,16.97916667,8.320833333,14.84405833,8.318404167,2.771941667,2.170683333,0.520020833,36.814275,20.76909583,7.019725,5.458483333,1.3133125
A9897F7C55,M12_SME_RY_ME_MCT_RAT,14.71428571,7.928571429,9.098728571,9.539642857,8.934357143,7.933628571,7.259671429,11.9727,12.98892857,12.17992857,10.48065714,9.597471429
A9B8207363,M12_FME_1020_RAT,14.25,,0,0,0,0,0,53.33333333,46.66666667,0,0,0
AA351B2BFF,M12_FME_1020_RAT,17.27222222,8.027777778,14.33244706,13.85293529,4.905870588,3.255688235,1.224194118,23.87931765,22.92941765,8.123541176,5.438429412,2.058158824
AC3DCE45BE,M12_MAL_1020_RAT,13.88333333,8.320833333,19.66728333,19.3694875,9.10505,4.859270833,1.472154167,17.12855,15.8930125,7.39495,3.882395833,1.2195125
AD045C18E5,M12_FME_40_RAT,16.97916667,9.308333333,3.5770125,9.649266667,12.02884167,7.716916667,6.852183333,5.3604875,14.5799,18.212825,11.64558333,10.38531667
AD0F358619,M12_MAL_1020_RAT,13.51666667,8.320833333,14.49500417,13.03994583,7.951416667,7.8655125,8.243916667,13.61332917,12.21422083,7.381916667,7.4094875,7.78525
AD57E72BC9,M12_FME_1020_RAT,16.97916667,8.320833333,14.73689167,7.389158333,2.035466667,2.356658333,0.839883333,39.20060833,19.56500833,5.397866667,6.243341667,2.21845
AE54B681DC,M12_FME_30_RAT,12.41111111,,7.625333333,16.3411,7.512622222,6.383677778,5.6069,9.896888889,21.50334444,9.542933333,8.305211111,7.2931
AEF0DF6708,M12_MAL_30_RAT,13.51666667,,18.50847083,21.890925,12.30495417,6.7883375,2.1866875,11.52069583,13.584075,7.653379167,4.207495833,1.354979167
AF12407D8A,M12_FME_1020_RAT,16.97916667,10.09583333,26.24866667,7.777529167,1.832654167,3.115075,0.6523,39.95966667,11.86830417,2.775679167,4.759925,1.001866667
AF202842B3,M12_FME_50_RAT,13.51666667,9.6125,0.940525,4.3422875,7.679220833,8.395970833,5.715983333,2.592808333,11.75354583,20.5666125,22.6248625,15.38401667
B0A6B628D3,M12_MAL_30_RAT,16.97916667,8.320833333,15.24575833,25.25225833,14.469425,9.020408333,2.376775,7.783408333,12.75190833,7.334741667,4.579591667,1.189891667
B0BF2F0AB2,M12_FME_1020_RAT,17.33333333,9.1,13.0419,12.9745,4.29675,2.2242,1.1458,25.6581,25.5255,8.45325,4.3758,2.2542
B113A0DC35,M12_FME_1020_RAT,16.97916667,8.029166667,16.01130417,10.27218333,2.6224125,1.9845,0.650758333,34.82202917,22.25698333,5.698420833,4.311333333,1.395075
B1A685CB2A,M12_FME_1020_RAT,18.37,11.48,26.02927778,6.691477778,5.006366667,9.392477778,1.436055556,27.51516667,7.064077778,5.315855556,10.05196667,1.497277778
B2240E407A,M12_FME_1020_RAT,16.97916667,8.320833333,15.0309375,4.416604167,0.7562875,1.337725,0.234958333,53.9815625,15.83339583,2.727045833,4.828941667,0.840041667
B2319196A9,M12_FME_30_RAT,14.51428571,,12.17647857,13.59375714,7.089214286,5.463971429,2.782157143,17.55209286,19.3991,10.16792857,7.836028571,3.953557143
B2781768EE,M12_MAL_30_RAT,13.51666667,8.320833333,14.82923333,26.86389167,13.31055,6.196958333,1.693679167,8.599933333,15.81944167,7.872783333,3.728041667,1.068820833
B3DAD00A6C,M12_FME_30_RAT,17.275,8.1,12.3134,15.7583,3.954966667,1.817966667,1.0887,22.7866,29.40836667,7.4117,3.415366667,2.044633333
B437763A97,M12_FME_30_RAT,17.25714286,,7.473057143,23.22154286,2.052828571,1.7872,2.6204,19.61265714,24.70702857,5.875742857,4.884228571,7.751028571
B4C8D0B6AD,M12_FME_1020_RAT,16.97916667,8.320833333,12.8332125,6.666775,1.401791667,1.727258333,0.371475,43.2417875,22.145725,4.644041667,5.747741667,1.220191667
B5AFB737F5,M12_FME_1020_RAT,13.51666667,10.09583333,22.14710833,7.360266667,1.937754167,2.985283333,0.694433333,40.91539167,13.58556667,3.5789125,5.506383333,1.2764
B5E96D7BB4,M12_FME_1020_RAT,17.07391304,10.1,16.17202727,3.421918182,1.749695455,3.251936364,0.976495455,47.11433636,9.8099,5.159395455,9.438972727,2.900777273
B7C6FE8E60,M12_FME_30_RAT,14.25,,2.320816667,6.425116667,5.9221,4.993533333,2.8729,8.04585,21.47488333,20.49456667,17.52313333,9.860433333
B88DBA7876,M12_SME_RY_ME_MCT_RAT,16.9125,8.529166667,6.9289875,13.51962917,13.69583333,11.21950833,5.840479167,6.616845833,12.84287083,13.05833333,10.701325,5.584520833
B8C1E9F4C6,M12_FME_30_RAT,17.30625,8.01875,12.77336,14.31134,4.416233333,2.41272,0.416633333,24.85997333,26.59532667,8.670433333,4.660613333,0.8967
B8F11300C9,M12_FME_1020_RAT,13.51666667,,17.11009167,9.693254167,3.293645833,3.4621875,1.3529125,30.02324167,18.30257917,7.2021875,6.9878125,2.580420833
B918A3FB98,M12_MAL_30_RAT,16.97916667,8.320833333,9.981545833,25.56534583,11.3954375,2.903083333,2.447941667,9.1517875,23.23882083,10.4545625,2.638583333,2.202058333
B95A7665A4,M12_FME_1020_RAT,16.97916667,10.09583333,22.15040417,4.6438,1.519475,2.327304167,0.319929167,49.29542917,10.41453333,3.430525,5.185195833,0.7217375
B9CF9A1A80,M12_FME_30_RAT,13.51666667,,5.316922222,12.75463333,9.536911111,2.833061111,1.9087,11.01641111,27.00647778,20.00753333,5.522494444,4.102411111
BA3F65BE47,M12_FME_1020_RAT,17.32727273,11.35454545,20.3625,9.2434,4.42851,5.98423,1.19331,29.0475,13.1766,6.31149,8.53577,1.69669
BA9B0547FD,M12_FME_1020_RAT,14.25,6.638888889,15.95553333,14.86467222,5.647455556,5.165572222,2.507316667,20.24446667,18.85199444,7.130322222,6.489983333,3.15935
BB508E9B60,M12_FME_30_RAT,16.97916667,8.529166667,6.295783333,11.42059167,4.462258333,1.490704167,0.898291667,19.15838333,35.28774167,13.633575,4.555129167,2.801708333
BC04FDC81C,M12_FME_1020_RAT,16.97916667,8.029166667,15.2471625,8.395895833,1.552245833,1.652658333,0.4017875,40.80700417,22.3124375,4.126920833,4.418175,1.069045833
BC3B472D8E,M12_FME_1020_RAT,16.97916667,10.09583333,17.59474583,4.420891667,1.0247125,1.7884,0.318216667,52.3010875,13.19994167,3.066954167,5.340766667,0.94845
BCA89C9A13,M12_FME_30_RAT,15.325,8.029166667,11.88443333,16.39295,6.068741667,2.994529167,1.511766667,18.7114,25.79038333,9.543758333,4.713804167,2.384066667
BCB8BCC1D2,M12_FME_1020_RAT,16.97916667,8.029166667,10.5771375,5.859166667,1.6577375,1.1691375,0.615183333,42.7728625,23.69916667,6.483929167,4.735029167,2.447316667
BD237E8126,M12_FME_1020_RAT,16.97916667,8.029166667,14.27397083,6.5532375,1.4627125,1.508566667,0.313625,46.99269583,19.08842917,4.045620833,4.853933333,0.903041667
BD730ED969,M12_MAL_30_RAT,16.97916667,9.583333333,12.23572917,43.0193,24.59301667,13.67340833,4.453345833,0.264270833,0.8557,0.48615,0.322425,0.1049875
BDC0AED34F,M12_MAL_30_RAT,13.76818182,,15.97317143,25.45115238,10.18854762,3.775790476,1.2207,12.38397143,19.27741905,7.868595238,2.905161905,0.965014286
BDD7EBEC25,M12_MAL_40_RAT,13.51666667,8.320833333,0,0,51.33914118,21.03732941,0,0,0,27.52556471,0.0979647059,0
BE0A7DD7AB,M12_MAL_30_RAT,14.12631579,8.515789474,13.40865556,16.55768333,10.45956111,7.528905556,3.259455556,12.82467778,15.66453889,9.912661111,7.209983333,3.157211111
BE646F48C4,M12_FME_30_RAT,13.51666667,9.583333333,7.502245833,13.05179583,10.09036667,8.1890125,2.841908333,10.36025417,18.39820417,14.23046667,11.4359875,3.878925
BE8BE0B9CF,M12_FME_40_RAT,16.97916667,8.25,3.617258333,7.573279167,10.6107125,4.319616667,2.239391667,9.178575,19.18922083,26.78095417,10.87621667,5.606441667
BE9777DE4A,M12_MAL_30_RAT,14.65555556,,8.273766667,16.19711111,13.06254444,11.95242222,8.4779,6.037344444,11.46955556,9.526344444,8.8698,6.144322222
BF43B6D3DA,M12_FME_1020_RAT,16.97916667,8.029166667,18.62210417,15.568475,1.713733333,2.493158333,0.676695833,29.1820625,24.14819167,2.648766667,3.915175,1.0191375
BF872A7E89,M12_MAL_30_RAT,13.51666667,6.370833333,17.65945,25.16443333,13.11980833,6.8207625,3.8161375,8.857216667,12.6439,6.601025,3.408404167,1.917195833
BF8F8AFC4B,M12_FME_30_RAT,8.866666667,,7.3220125,9.286466667,4.4203375,2.733225,0.617020833,22.7779875,28.83853333,13.5671625,8.512608333,1.924645833
BF95976F07,M12_FME_30_RAT,17.31,8,17.86901,14.62018,4.49919,1.44973,2.11263,15.42099,28.09982,9.68081,2.58027,3.64737
BF9955B7C9,M12_FME_1020_RAT,16.97916667,8.320833333,15.46340833,13.82102083,4.358004167,3.2415,0.813945833,25.607425,22.87897917,7.175329167,5.3085,1.348554167
BFDC273AED,M12_MAL_30_RAT,16.97916667,8.320833333,8.875629167,20.37542083,15.65512083,12.36508333,6.379208333,5.032704167,11.55374583,8.924045833,7.13075,3.695791667
C078C96A10,M12_FME_30_RAT,16.97916667,8.029166667,14.67386667,23.79050833,6.5299625,2.792733333,1.0714875,15.3553,24.82615833,6.8700375,2.948933333,1.132679167
C2917321B5,M12_FME_30_RAT,17.25263158,8.284210526,10.29182105,14.49354211,4.623373684,2.767021053,1.519057895,20.32923158,28.46961579,9.0661,5.443505263,2.980942105
C3D4010F52,M12_FME_1020_RAT,17.25714286,8.057142857,16.9548,7.143528571,1.631371429,2.043814286,0.645585714,42.80234286,17.9279,4.0972,5.1419,1.625842857
C45BC175C8,M12_FME_30_RAT,13.51666667,8.25,4.888195833,11.98108333,11.449175,5.618145833,3.4091875,8.2576375,20.19391667,19.10915833,9.423520833,5.669979167
C6363F8E19,M12_MAL_30_RAT,13.51666667,8.529166667,11.85811667,14.23857083,11.44138333,10.60850417,5.695,10.16271667,12.2072625,9.808616667,9.0956625,4.884166667
C65FEFD6D4,M12_MAL_30_RAT,16.97916667,,11.01140833,19.39475417,13.7579875,10.25598333,3.27025,7.942758333,14.2094125,10.04617917,7.598183333,2.496416667
C6A7D1B09B,M12_FME_50_RAT,13.51666667,9.583333333,4.822279167,6.485125,4.573975,14.4630875,13.34579167,6.4318875,8.469041667,5.913525,18.89524583,16.58754167
C6BCB34B2F,M12_FME_30_RAT,15.4,9.266666667,4.420233333,11.85123333,7.508333333,2.394766667,1.857433333,11.37976667,30.44876667,19.125,6.105233333,4.909233333
C71D78655F,M12_MAL_30_RAT,12.12,5.9,10.72426,14.61196,12.84442,11.69953,10.67359,6.97574,9.50804,8.37558,7.61047,6.96641
C766BAD8FB,M12_FME_1020_RAT,13.51666667,9.583333333,12.87062083,9.637583333,11.14045833,8.605379167,3.214283333,15.4502125,11.55408333,13.380375,10.31545417,3.84405
C76B1790F8,M12_FME_30_RAT,13.51666667,8.029166667,12.27579583,17.77304167,3.429029167,2.844579167,1.374366667,19.95337083,29.62279167,5.754304167,4.6970875,2.2548
C76DAFE8C1,M12_FME_60_RAT,16.97916667,9.6125,4.814075,4.935320833,5.528275,11.46671667,11.86046667,7.769258333,7.806345833,8.946725,18.25828333,18.6062
C7B69482A3,M12_FME_30_RAT,13.51666667,8.320833333,11.43874583,16.0280875,11.40627083,6.618308333,2.952158333,12.04875417,16.9719125,12.16039583,7.119191667,3.235341667
C7F49C4961,M12_MAL_30_RAT,16.97916667,8.029166667,14.24585417,24.904175,11.60189583,8.2438875,3.684395833,8.387479167,14.84165833,7.035604167,4.901945833,2.1739375
CA4D5857BC,M12_MAL_30_RAT,15.325,8.320833333,15.31680417,20.01939583,10.24507083,6.164429167,2.854604167,12.7373625,16.64727083,8.521595833,5.1272375,2.3745625
CA5307D30A,M12_SME_RY_ME_MCT_RAT,16.97916667,9.583333333,15.76022917,12.67382083,6.192783333,11.51575833,7.315116667,13.6814375,11.0345125,5.344716667,10.05090833,6.422383333
CA54464181,M12_FME_30_RAT,14.71428571,8.057142857,10.68617143,15.45445714,1.079614286,3.033042857,0,21.27097143,40.77411429,2.077528571,5.652671429,0
CAF68EC2CB,M12_MAL_30_RAT,13.51666667,5.770833333,12.04007917,34.95937083,13.07100833,8.000079167,2.192220833,5.209920833,14.7989625,5.466491667,3.308254167,0.9411125
CB42B1688B,M12_MAL_30_RAT,13.51666667,9.583333333,5.108945833,19.02262083,9.0075125,14.09253333,7.011145833,4.403554167,15.81487917,7.8549875,11.91996667,5.7596875
CD0848A352,M12_SME_RY_ME_MCT_RAT,18.42916667,8.029166667,12.99902917,12.63094583,7.8101,5.263120833,3.672120833,17.69680417,17.14405417,10.6149,7.0452125,5.115379167
CD14EDE90F,M12_MAL_30_RAT,14.92,,17.13928,22.38948,11.21544,8.02416,2.68124,10.80072,13.95052,7.05456,5.04584,1.69876
CD4571800C,M12_SME_RY_ME_MCT_RAT,16.97916667,,8.846820833,14.707175,11.3727375,14.95681667,7.7501375,6.465679167,10.817825,8.3147625,11.00985,5.729029167
CDAEDB0A25,M12_MAL_30_RAT,13.51666667,5.770833333,11.41004583,18.14259583,11.915875,10.3516875,6.335604167,8.2107875,13.04907083,8.575791667,7.444145833,4.560229167
CEC2707AF8,M12_FME_1020_RAT,14.51428571,10.74285714,28.03202143,9.142485714,4.771435714,5.226842857,1.430764286,29.64655,9.664657143,5.04285,5.523157143,1.512092857
CED8E4AEE5,M12_MAL_30_RAT,13.51666667,6.370833333,15.03075833,28.07058333,10.91594167,6.578483333,3.409425,8.573408333,15.75025,6.046558333,3.72985,1.882241667
CF11E9E059,M12_MAL_30_RAT,15.325,8.320833333,19.4259625,22.59714167,7.066491667,4.210408333,1.0435375,16.30737083,18.98619167,5.941841667,3.539591667,0.877295833
D01DF9EC5F,M12_FME_30_RAT,13.51666667,,11.262175,13.5442875,2.282641667,2.820058333,1.234004167,24.47949167,30.13487917,5.071525,6.375775,2.790995833
D0C8ACE492,M12_MAL_1020_RAT,17.275,7.75,30.25273333,15.91333333,7.026066667,8.887266667,11.75393333,10.32226667,5.761666667,2.711433333,3.050233333,4.3544
D21FE6A7B4,M12_MAL_1020_RAT,16.97916667,8.320833333,23.04182083,20.38216667,3.890941667,2.7772125,1.041391667,21.9165125,19.53866667,3.738225,2.668620833,0.996108333
D2E6E383CD,M12_MAL_30_RAT,13.51666667,8.320833333,18.19958333,21.56544583,9.211491667,6.835125,2.414525,13.12541667,15.38872083,6.634341667,4.910708333,1.722975
D3E9FFD90F,M12_FME_1020_RAT,13.51666667,,17.77704583,1.332854167,1.881295833,4.935695833,0.359579167,49.88962083,3.767145833,5.243704167,13.80180417,1.0070875
D3F29D0C95,M12_FME_1020_RAT,16.97916667,8.320833333,15.21995833,14.691175,3.2955,1.407533333,0.5416375,28.013375,27.12549167,6.117,2.592466667,1.000029167
D4B36C76C4,M12_MAL_30_RAT,17.33333333,7.766666667,9.112466667,20.76273333,9.2856,14.0819,4.8044,6.520866667,14.93726667,6.8144,10.18476667,3.462266667
D57855D6EF,M12_FME_40_RAT,16.97916667,9.583333333,6.148583333,7.0265125,7.579366667,4.3762125,2.487358333,15.09308333,19.2609875,20.3873,11.4737875,6.175141667
D5845DCD06,M12_FME_1020_RAT,19.00588235,8.011764706,15.864575,5.99798125,3.7399125,2.55685,0.53634375,39.585425,14.84576875,9.2288375,6.31815,1.31365625
D5F0182675,M12_FME_30_RAT,17.11111111,8.022222222,4.573275,10.3604875,5.423475,7.055775,3.0069125,11.251725,21.6020125,13.051525,16.731725,6.9305875
D5FAEB61B0,M12_FME_30_RAT,17.24,,5.5282,11.197925,10.219325,5.78905,1.38225,10.6718,21.527075,19.530675,11.58595,2.54275
D72BC9D1A2,M12_FME_1020_RAT,13.51666667,10.09583333,15.66145833,3.035204167,4.093370833,4.9472625,0.5701875,39.72604167,7.685629167,10.36912917,12.4902375,1.446479167
D731C6D372,M12_FME_40_RAT,13.51666667,9.6125,4.7230625,12.33134167,15.03437917,7.592183333,3.685120833,6.110270833,16.06449167,19.71145417,9.94115,4.814879167
D749124593,M12_MAL_50_RAT,13.51666667,8.529166667,4.731041667,22.6540125,17.3933875,37.06692917,9.0469125,0.406458333,2.304320833,1.8441125,3.766404167,0.786420833
D78D9659F1,M12_FME_30_RAT,17.07391304,,12.74703913,14.41288261,7.487726087,4.206434783,2.00676087,18.54861304,21.01320435,10.72096957,6.037043478,2.819326087
D877FBFA11,M12_FME_30_RAT,16.97916667,8.029166667,9.152533333,13.6691375,9.610783333,6.729775,2.031070833,13.0933,19.48919583,13.73921667,9.599391667,2.8897625
DA38CBD132,M12_FME_1020_RAT,16.97916667,9.583333333,17.79530833,9.666920833,2.228175,2.444175,0.573558333,36.60469167,19.89974583,4.588491667,5.047491667,1.163941667
DA4DC755CB,M12_FME_30_RAT,17.30625,,12.43213125,14.96376875,8.07066875,4.9589,2.59676875,16.47411875,19.81123125,10.66683125,6.57235,3.44698125
DA5B732423,M12_MAL_30_RAT,13.51666667,8.029166667,14.2365625,19.62467917,10.520975,6.035575,2.235354167,12.85510417,17.68365417,9.433191667,5.410258333,2.002145833
DB4CA4D632,M12_FME_1020_RAT,13.51666667,8.029166667,14.3186,6.740420833,1.74945,1.517808333,0.362141667,45.00223333,19.48457917,4.967216667,4.757191667,1.104525
DD0FCFEDE6,M12_MAL_30_RAT,13.51666667,,12.18086667,15.59980417,11.84155,10.0737,5.781804167,9.781633333,12.52519583,9.504283333,8.084633333,4.639029167
DD5C3290AF,M12_FME_30_RAT,13.51666667,,10.29947083,12.3031,8.167720833,8.34815,5.241291667,13.0088625,15.43856667,10.28227917,10.41018333,6.512875
DECBA9ED42,M12_FME_30_RAT,14.4375,,5.02414,13.25228,7.816886667,6.570353333,1.4796,10.65586,24.40772,15.28978,12.52964667,2.953733333
DF8B176772,M12_FME_30_RAT,13.51666667,8.320833333,15.03855417,19.0973375,8.237008333,4.078604167,2.074483333,15.91977917,20.24849583,8.750491667,4.333895833,2.213016667
E02749FC67,M12_FME_1020_RAT,16.97916667,8.320833333,19.04659583,9.413025,0.843029167,1.496658333,0.4327875,41.97007083,20.59530833,1.8861375,3.340841667,0.983879167
E0A583DB58,M12_FME_30_RAT,13.51666667,8.529166667,4.6564375,11.07195,10.475925,7.891366667,5.016833333,7.526895833,17.23638333,16.60740833,11.94196667,7.574833333
E1FDBF2D4D,M12_FME_1020_RAT,16.97916667,10.09583333,22.19626522,6.844834783,1.394617391,2.435665217,0.619891304,44.0906913,13.5682087,2.774947826,4.846943478,1.227934783
E427B5E29F,M12_FME_1020_RAT,16.97916667,9.583333333,14.3571625,9.09815,3.0283625,3.419583333,1.4191375,31.44700417,19.96435,6.6466375,7.497083333,3.114195833
E474B338BD,M12_MAL_30_RAT,13.51666667,8.029166667,15.56609583,19.350075,11.32855417,7.49845,2.907204167,11.8422375,14.787425,8.758945833,5.705716667,2.255295833
E4899A583F,M12_FME_1020_RAT,13.51666667,10.09583333,18.29932083,9.568004167,2.966120833,3.141054167,1.109175,33.96317917,17.68199583,5.463045833,5.779779167,2.040825
E4A9ECB7B9,M12_FME_30_RAT,13.51666667,8.029166667,10.59605833,20.69647083,8.451345833,5.874241667,1.5898625,11.85394167,23.1118625,9.486154167,6.579925,1.776804167
E4D0E6B1B0,M12_FME_1020_RAT,16.2,7.8,22.195,8.878,3.088,3.9758,0.4246,35.305,14.122,4.912,6.3242,0.6754
E4E4B45D06,M12_FME_30_RAT,13.51666667,,2.4012875,9.767841667,7.325045833,5.855645833,2.125333333,6.2362125,25.75715833,19.20412083,15.7401875,5.574666667
E569E14F36,M12_MAL_30_RAT,16.97916667,5.770833333,16.636625,19.8540125,15.7070375,18.292625,14.52272917,2.996708333,3.5209875,2.734629167,3.174041667,2.552270833
E58F84D462,M12_FME_30_RAT,13.51666667,8.029166667,7.1291375,10.19314583,6.709945833,7.651841667,3.952316667,12.81252917,18.2401875,12.23172083,13.99399167,7.072683333
E61969DA0F,M12_MAL_30_RAT,13.51666667,8.029166667,15.60602083,21.72847917,10.20572083,5.575316667,2.073266667,12.6523125,17.62985417,8.2901125,4.537183333,1.689233333
E655648F43,M12_FME_30_RAT,16.88333333,8.029166667,8.28875,11.01823333,6.209970833,4.948679167,1.642408333,17.50291667,23.3276,13.1358625,10.4804875,3.457591667
E6BF54CE96,M12_FME_1020_RAT,13.51666667,8.029166667,17.79913333,16.30934167,7.601895833,4.033220833,1.437695833,19.98003333,18.244825,8.4939375,4.4876125,1.599804167
E71673016B,M12_FME_30_RAT,13.51666667,9.583333333,11.5033125,12.103525,8.1976875,4.454533333,1.4103,19.03835417,20.033975,13.56064583,7.3663,2.3272
E72B5A0A41,M12_FME_1020_RAT,13.51666667,8.320833333,16.168275,8.7308875,1.683466667,2.294345833,0.700116667,38.656725,20.52744583,4.174866667,5.434820833,1.633216667
E7ADF04349,M12_FME_1020_RAT,15.1,,15.873,10.5117,2.06645,2.7935,0.222,34.677,22.9883,4.38355,6.0065,0.528
E7EF031D24,M12_SME_RY_ME_MCT_RAT,16.97916667,,7.8000625,12.77274167,10.66317083,11.30220833,5.574433333,8.5374375,13.86475833,11.41182917,12.13945833,5.9339
EA5FAE889A,M12_MAL_1020_RAT,16.97916667,10.09583333,29.92823333,8.3565875,4.0412125,6.678995833,1.430395833,29.3926,8.2309125,3.975454167,6.5668375,1.411270833
EAD182F319,M12_MAL_30_RAT,16.97916667,,13.30985417,19.71019167,12.84520833,12.05522083,1.924383333,8.9193125,13.22730833,8.604791667,8.123945833,1.292283333
EB2F2101D0,M12_FME_1020_RAT,14.65555556,9.255555556,11.04617778,9.925244444,7.039666667,5.410544444,1.908366667,20.30937778,18.10808889,12.88255556,9.900566667,3.491633333
EB66B019B5,M12_FME_40_RAT,13.51666667,9.6125,1.270554167,5.134454167,12.51377917,10.49664583,5.085883333,2.3711125,9.723879167,23.6528875,20.00752083,9.74745
EBE0962975,M12_FME_1020_RAT,13.51666667,,14.23920833,9.443920833,6.306379167,7.8370625,5.448491667,18.63579167,12.39774583,8.2602875,10.2754375,7.155675
EBE76155D3,M12_FME_1020_RAT,17.07391304,8.034782609,13.08141818,12.06532727,2.496690909,2.166740909,0.551363636,30.24130909,27.50285455,5.576036364,5.005986364,1.321363636
ECCBAE7ACB,M12_FME_30_RAT,16.97916667,8.029166667,11.43829583,18.8321125,5.3872875,3.363433333,1.432325,15.7325375,29.93455417,7.329379167,4.5949,1.942675
ED35FCD6A1,M12_FME_30_RAT,16.97916667,8.25,6.3476875,13.59130833,6.5233875,3.5937,1.447154167,14.0773125,29.48785833,14.1266125,7.710466667,3.090345833
ED8A95E5CB,M12_FME_1020_RAT,7.1875,10.09583333,25.44004167,2.804579167,1.469495833,2.472458333,0.3104,52.839125,5.832920833,3.0638375,5.148375,0.647933333
ED968D5FD1,M12_FME_1020_RAT,13.51666667,,14.59514583,11.6225625,7.505754167,7.272225,3.73925,17.90902083,14.39410417,9.302579167,9.023608333,4.639916667
EE000D3E14,M12_MAL_30_RAT,14.84166667,9.475,7.678133333,20.66021667,13.05688333,9.126533333,4.342558333,6.2552,16.83978333,10.77645,7.640133333,3.649108333
EE0678A190,M12_MAL_30_RAT,17.30625,8.19375,13.3310875,30.10891875,4.59076875,0.7741875,3.54773125,12.0876625,27.37233125,4.35923125,0.7070625,3.12726875
EEFB21D12B,M12_FME_30_RAT,14.88181818,8.390909091,10.35425455,11.5628,3.701845455,2.712,0.662381818,25.55483636,28.16447273,9.098154545,6.615272727,1.583072727
EFEE980DF0,M12_FME_30_RAT,14.6875,,8.6080875,15.4821,7.462525,4.6838625,1.2658625,14.3544125,25.9429,12.624975,7.5661375,1.9841375
F0082429E9,M12_FME_1020_RAT,13.51666667,8.320833333,16.825775,12.96964583,5.3185625,4.1622,1.158120833,24.77839167,19.1136875,7.839770833,6.1378,1.708545833
F05842A4EB,M12_FME_30_RAT,17.24,7.9,7.826425,14.979075,4.58715,5.4749,3.0665,13.823575,26.220925,9.31285,9.4501,5.2835
F1157A79D0,M12_FME_30_RAT,13.51666667,,5.369354167,13.6542,12.10272083,5.875654167,3.7248,7.880645833,19.87913333,17.59727917,8.520179167,5.391866667
F12D55091A,M12_FME_30_RAT,16.2,7.8,9.4248,13.5864,7.3032,9.4248,1.0608,13.6752,19.7136,10.5968,13.6752,1.5392
F1758BF01F,M12_FME_30_RAT,16.97916667,9.583333333,11.00132917,15.62170417,7.759858333,8.690741667,3.193120833,12.76950417,18.14079583,9.010975,10.09259167,3.711045833
F1D42A1E4A,M12_MAL_40_RAT,13.21666667,10.09583333,13.0204625,18.97635417,22.317475,16.18667083,5.090545833,4.1545375,6.1278125,7.224191667,5.2716625,1.6302875
F2207F8023,M12_FME_1020_RAT,16.97916667,8.320833333,13.23187917,8.271458333,1.614666667,1.520904167,0.367141667,39.73062083,24.75354167,4.8395,4.566595833,1.095358333
F24F0E217A,M12_FME_30_RAT,16.97916667,8.320833333,14.091825,20.13672917,7.161729167,3.958345833,1.8708125,15.72900833,22.52160417,7.988270833,4.420820833,2.108354167
F290935883,M12_FME_50_RAT,18,7.7,7.3,6.3875,4.5625,15.5125,2.7375,12.7,11.1125,7.9375,26.9875,4.7625
F2A06B9694,M12_SME_RY_ME_MCT_RAT,13.51666667,9.308333333,7.427716667,7.738645833,8.0958625,7.627608333,6.873291667,12.14311667,12.6821875,13.37497083,12.593225,11.42254167
F4013DE365,M12_FME_30_RAT,16.97916667,,5.804658333,12.62544167,9.5289125,5.592225,2.425366667,10.30784167,22.49955833,16.9460875,9.949441667,4.324633333
F4BEB03DA2,M12_FME_1020_RAT,16.97916667,8.320833333,12.2659625,8.968129167,2.666075,1.885808333,0.870579167,33.61320417,24.8235375,7.329758333,5.193358333,2.4085875
F4E7570A2E,M12_FME_30_RAT,10.7375,,0.625645833,26.56655417,11.5822125,0.423770833,1.038420833,0.941020833,39.48344583,17.18862083,0.630395833,1.528245833
F58CA84077,M12_FME_1020_RAT,17.30625,8.19375,20.84434375,11.19346875,2.07273125,1.50498125,0.53284375,31.19315625,23.76903125,4.46476875,3.27626875,1.16090625
F7E9A69F8D,M12_MAL_30_RAT,14.6,,11.05773636,28.01470909,11.90124545,3.300209091,1.060254545,8.824081818,22.71256364,9.535118182,2.699790909,0.921563636
F8A788D183,M12_FME_1020_RAT,17.34166667,8.075,7.226236364,1.2751,4.133190909,1.662854545,0.646545455,35.19194545,5.9249,22.43044545,18.31896364,3.235272727
FA526A8279,M12_FME_30_RAT,17.275,8.1,8.6916,17.503275,8.302775,3.99245,2.2253,12.6084,25.396725,12.172225,5.85755,3.2247
FA8BCD6DDD,M12_FME_30_RAT,15.34782609,9.256521739,7.208247826,9.90276087,8.690273913,6.896621739,4.689921739,12.15262174,16.57115217,14.48798696,11.59033478,7.78833913
FAB0188A01,M12_FME_1020_RAT,13.51666667,,15.3486875,14.68138333,5.321916667,5.013866667,2.7811125,20.20964583,19.36445,7.011416667,6.606966667,3.673054167
FC69270591,M12_FME_30_RAT,16.97916667,9.583333333,9.036358333,17.83312083,10.5984375,6.0499125,1.1781125,11.13864167,22.03354583,13.14739583,7.5125875,1.4718875
FC6E670F70,M12_MAL_30_RAT,17.33333333,9.266666667,12.37896667,17.90206667,10.5613,7.625233333,8.717133333,9.421033333,13.39793333,7.872033333,5.674766667,6.482866667
FCA7A6787B,M12_MAL_30_RAT,16.97916667,8.320833333,18.00365,34.4056875,13.71428333,3.961516667,0.959679167,7.38385,14.1318125,5.560716667,1.563483333,0.315320833
FCAF2BC53E,M12_FME_1020_RAT,13.51666667,10.09583333,30.83487917,7.358720833,4.7004625,4.844129167,1.107641667,32.26095417,7.707945833,4.9245375,5.093370833,1.167358333
FCAF3BA597,M12_FME_1020_RAT,16.97916667,8.029166667,16.36565,9.6900625,2.0522125,1.983429167,0.6605,36.78018333,21.86827083,4.626954167,4.466570833,1.497833333
FCBDB3C308,M12_SME_RY_ME_MCT_RAT,16.825,,12.729125,8.6918,11.3862,14.5612,9.685225,9.595875,6.4332,8.5638,11.0638,7.339775
FCE9571860,M12_FME_30_RAT,16.97916667,8.320833333,12.35707083,20.34571667,4.631491667,3.541404167,1.4622375,17.19709583,27.53345,6.276841667,4.7127625,1.941929167
FD69236F45,M12_FME_50_RAT,13.51666667,8.266666667,4.237775,9.2209,11.681425,17.14912917,3.723254167,4.958058333,10.8666,13.706075,20.11337083,4.3434125
FDC922ABCE,M12_MAL_1020_RAT,16.97916667,10.09583333,30.93512083,10.88492917,3.078591667,5.985541667,1.886829167,27.73154583,9.723404167,2.750575,5.351958333,1.6798375
FDD6335CBC,M12_MAL_1020_RAT,13.51666667,,36.281125,30.06325833,8.96395,3.208825,1.123825,9.318875,7.578408333,2.302716667,0.857841667,0.301175
FE826E7775,M12_MAL_30_RAT,13.51666667,8.529166667,9.407308333,14.3672875,11.61430833,9.0234375,5.777341667,9.330191667,14.26604583,11.52319167,8.955729167,5.739325
FEAAE06C47,M12_MAL_30_RAT,14.6875,,17.8884,31.3956625,8.3057375,3.343775,2.930125,10.4991,16.9668375,4.8192625,1.981225,1.894875
FEB83042A5,M12_FME_1020_RAT,16.90416667,9.583333333,12.036425,11.62594583,4.920679167,2.980120833,1.11745,24.776075,23.9448875,10.14182083,6.144879167,2.303383333
FEC2FCF4DA,M12_FME_1020_RAT,13.51666667,,14.85887917,13.12977917,8.100070833,8.1115375,4.955679167,15.3327875,13.5993875,8.362429167,8.4134625,5.140154167
FEE6966193,M12_MAL_30_RAT,16.97916667,,13.39526667,17.06669167,10.66151667,6.295725,5.584991667,11.8214,15.16664167,9.184316667,6.012608333,4.819175
FF3AE5174C,M12_FME_30_RAT,17.34166667,,8.175941667,8.394941667,2.918333333,1.885016667,0.774158333,28.365725,29.671725,10.42333333,6.673316667,2.750841667
FF3C3A8704,M12_MAL_1020_RAT,17.25263158,,22.45232222,21.76817778,5.086005556,3.70085,2.23665,18.48101111,17.1596,3.963994444,3.604705556,1.552238889
